cnpj_basico,case_number,class_iii_face_sum,establishment_cnpjs,claim_count,debtor_name,stage,is_related_party,above_floor,band,doc_id,creditor_name_as_printed,flags,extracted_at,extracted_by
33233778,8005129-09.2023.8.05.0039,64713515.06,33233778000108,2,e na falência,,,1,FLOOR,a0ae32a59c2928e385c610811f80949f98723486,TAG INDUSTRIA E LAMINACAO LTDA,"ROWS:p10r4,p19r8|UNRECONCILED_SOURCE",2026-09-03T23:03:32Z,build
00000000,8005129-09.2023.8.05.0039,43161497.61,00000000000191,2,e na falência,,,1,FLOOR,a0ae32a59c2928e385c610811f80949f98723486,BANCO DO BRASIL,"ROWS:p5r9,p17r3|UNRECONCILED_SOURCE|VALUE_COL:Valor_Do_Crédito_2º_Edital_De_Credores",2026-09-03T23:03:32Z,build
12428086,8005129-09.2023.8.05.0039,14857604.68,12428086000137,3,e na falência,,,1,FLOOR,a0ae32a59c2928e385c610811f80949f98723486,FUNDO DE INVESTIMENTO EM DIREITOS CREDITÓRIOS NÃO PADRONIZADOS MULTISSETORIA L BS NP,"ROWS:p7r8,p10r1,p18r2|UNRECONCILED_SOURCE",2026-09-03T23:03:32Z,build
01440590,,14567733.99,01440590000136,1,,,,1,FLOOR,6a92d74da333ce21f5461767626e7ff05b8f474a,FRESENIUS MEDICAL CARE LTDA,CASE_NUMBER_MISSING|ROWS:p3r16,2026-09-03T23:03:32Z,build
98521909,0008526-45.2025.8.17.2001,13980345.50,98521909000190|98521909000270,2,E FALENCIA,,,1,FLOOR,1658892fa167d2330f5086c9fbc19999d00549f1,VINICOLA CAMPESTRE LTDA,"ROWS:p5r60,p5r61",2026-09-03T23:03:32Z,build
01789121,0804401-51.2025.8.14.0039,11525550.26,01789121000470|01789121000984|01789121001107,1,SOJAL COMERCIA,,,1,FLOOR,c56751547323616443dc07ccc6d6c553539dec25,ALBAUGH AGRO BRASIL LTDA,ROWS:p1r4,2026-09-03T23:03:32Z,build
48430290,0804401-51.2025.8.14.0039,7135516.97,48430290000130,1,SOJAL COMERCIA,,,1,FLOOR,c56751547323616443dc07ccc6d6c553539dec25,ADDIANTE S.A,ROWS:p1r2,2026-09-03T23:03:32Z,build
21203489,0804401-51.2025.8.14.0039,7058181.50,21203489000764|21203489000926,1,SOJAL COMERCIA,,,1,FLOOR,c56751547323616443dc07ccc6d6c553539dec25,SOLUS INDUSTRIA QUIMICA LTDA,ROWS:p2r10,2026-09-03T23:03:32Z,build
15626673,0804401-51.2025.8.14.0039,6258845.34,15626673000129|15626673000390|15626673000552,1,SOJAL COMERCIA,,,1,FLOOR,c56751547323616443dc07ccc6d6c553539dec25,NORTESUL COMERCIAL AGRICOLA LTDA,ROWS:p2r5,2026-09-03T23:03:32Z,build
47151680,0804401-51.2025.8.14.0039,5767665.60,31652424000164|47151680000108,1,SOJAL COMERCIA,,,1,FLOOR,c56751547323616443dc07ccc6d6c553539dec25,FARM TECH IBBA I FIDC,MULTI_ROOT|ROWS:p1r13,2026-09-03T23:03:32Z,build
60889128,8005129-09.2023.8.05.0039,5733764.93,60889128000180,1,e na falência,,,1,FLOOR,a0ae32a59c2928e385c610811f80949f98723486,BANCO SOFISA S.A.,ROWS:p5r13|UNRECONCILED_SOURCE|VALUE_COL:Valor_Do_Crédito_2º_Edital_De_Credores,2026-09-03T23:03:32Z,build
07237373,0008526-45.2025.8.17.2001,5413142.01,07237373019220,1,E FALENCIA,,,1,FLOOR,1658892fa167d2330f5086c9fbc19999d00549f1,BANCO DO NORDESTE DO BRASIL SA,ROWS:p5r66,2026-09-03T23:03:32Z,build
60701190,0008526-45.2025.8.17.2001,5337705.09,60701190000104,1,E FALENCIA,,,1,FLOOR,1658892fa167d2330f5086c9fbc19999d00549f1,ITAU UNIBANCO S.A,ROWS:p5r56,2026-09-03T23:03:32Z,build
03981899,8005129-09.2023.8.05.0039,4940520.91,03981899000169,2,e na falência,,,1,FLOOR,a0ae32a59c2928e385c610811f80949f98723486,JF PASQUA CONDUTORES ELETRICOS LTDA,"ROWS:p8r4,p18r6|UNRECONCILED_SOURCE",2026-09-03T23:03:32Z,build
00360305,8005129-09.2023.8.05.0039,4585036.12,00360305000104,2,e na falência,,,1,FLOOR,a0ae32a59c2928e385c610811f80949f98723486,CAIXA ECONOMICA FEDERAL,"ROWS:p6r3,p17r8|UNRECONCILED_SOURCE|VALUE_COL:Valor_Do_Crédito_2º_Edital_De_Credores",2026-09-03T23:03:32Z,build
20889236,8005129-09.2023.8.05.0039,4168615.02,20889236000138,1,e na falência,,,1,FLOOR,a0ae32a59c2928e385c610811f80949f98723486,INDUSCOPPER METAIS LTDA,ROWS:p7r13|UNRECONCILED_SOURCE,2026-09-03T23:03:32Z,build
09123654,0829315-43.2023.8.15.0001,3641949.67,09123654000187,1,"consta no Doc 04 aqui acostado, servindo a Rua Padre Carapuceiro, 706, Empresa",,,1,FLOOR,47e92e4db6f8d9b004d158805b0150b0d5f22a9e,COMPANHIA DE ÁGUA E ESGOTOS DA PARAIBA CAGEPA,ROWS:p3r16,2026-09-03T23:03:32Z,build
33721490,8005129-09.2023.8.05.0039,3539955.57,33721490000174,1,e na falência,,,1,FLOOR,a0ae32a59c2928e385c610811f80949f98723486,METAL CREDIT,ROWS:p9r2|UNRECONCILED_SOURCE,2026-09-03T23:03:32Z,build
60701190,,3279415.79,60701190000104,1,,,,1,FLOOR,6a92d74da333ce21f5461767626e7ff05b8f474a,ITAU UNIBANCO S.A.,CASE_NUMBER_MISSING|ROWS:p3r4,2026-09-03T23:03:32Z,build
60746948,8005129-09.2023.8.05.0039,3153794.96,60746948000112,2,e na falência,,,1,FLOOR,a0ae32a59c2928e385c610811f80949f98723486,BRADESCO S.A,"ROWS:p5r16,p17r7|UNRECONCILED_SOURCE|VALUE_COL:Valor_Do_Crédito_2º_Edital_De_Credores",2026-09-03T23:03:32Z,build
62232889,8005129-09.2023.8.05.0039,3115885.56,62232889000190,1,e na falência,,,1,FLOOR,a0ae32a59c2928e385c610811f80949f98723486,BANCO DAYCOVAL S.A.,ROWS:p5r8|UNRECONCILED_SOURCE|VALUE_COL:Valor_Do_Crédito_2º_Edital_De_Credores,2026-09-03T23:03:32Z,build
05429994,0804401-51.2025.8.14.0039,3014807.20,05429994001313,1,SOJAL COMERCIA,,,1,FLOOR,c56751547323616443dc07ccc6d6c553539dec25,VEGETAL AGRONEGOCIOS LTDA,ROWS:p2r13,2026-09-03T23:03:32Z,build
60701190,8005129-09.2023.8.05.0039,3004176.14,60701190000104,2,e na falência,,,1,FLOOR,a0ae32a59c2928e385c610811f80949f98723486,ITAÚ UNIBANCO S.A.,"ROWS:p8r3,p18r5|UNRECONCILED_SOURCE",2026-09-03T23:03:32Z,build
58160789,0008526-45.2025.8.17.2001,2921565.37,58160789000128,1,E FALENCIA,,,1,FLOOR,1658892fa167d2330f5086c9fbc19999d00549f1,BANCO SAFRA S A,ROWS:p5r52,2026-09-03T23:03:32Z,build
00000000,0008526-45.2025.8.17.2001,2864591.61,00000000000191,1,E FALENCIA,,,1,FLOOR,1658892fa167d2330f5086c9fbc19999d00549f1,BANCO DO BRASIL SA,ROWS:p5r51,2026-09-03T23:03:32Z,build
00360305,,2786495.38,00360305000104,1,,,,1,FLOOR,6a92d74da333ce21f5461767626e7ff05b8f474a,CAIXA ECONOMICA FEDERAL,CASE_NUMBER_MISSING|ROWS:p3r11,2026-09-03T23:03:32Z,build
62232889,0008526-45.2025.8.17.2001,2710655.64,62232889000190,1,E FALENCIA,,,1,FLOOR,1658892fa167d2330f5086c9fbc19999d00549f1,BANCO DAYCOVAL S.A,ROWS:p5r50,2026-09-03T23:03:32Z,build
20204300,8005129-09.2023.8.05.0039,2463062.80,20204300000108,2,e na falência,,,1,FLOOR,a0ae32a59c2928e385c610811f80949f98723486,MSN FUNDO,"ROWS:p9r4,p18r11|UNRECONCILED_SOURCE",2026-09-03T23:03:32Z,build
31281962,0804401-51.2025.8.14.0039,2406485.64,31281962000190|31281962000270,1,SOJAL COMERCIA,,,1,FLOOR,c56751547323616443dc07ccc6d6c553539dec25,CROMO INDUSTRIA QUIMICA S.A,ROWS:p1r11,2026-09-03T23:03:32Z,build
12910431,8005129-09.2023.8.05.0039,2327494.50,12910431000174,3,e na falência,,,1,FLOOR,a0ae32a59c2928e385c610811f80949f98723486,GAVEA FIDC,"ROWS:p7r9,p8r18,p9r15|UNRECONCILED_SOURCE",2026-09-03T23:03:32Z,build
23360870,8005129-09.2023.8.05.0039,2144705.34,23360870000177,2,e na falência,,,1,FLOOR,a0ae32a59c2928e385c610811f80949f98723486,SIGMA,"ROWS:p10r2,p19r7|UNRECONCILED_SOURCE",2026-09-03T23:03:32Z,build
31895683,8005129-09.2023.8.05.0039,2056998.20,31895683000116,2,e na falência,,,1,FLOOR,a0ae32a59c2928e385c610811f80949f98723486,BANCO INDUSTRIAL DO BRASIL S/A,"ROWS:p5r11,p17r5|UNRECONCILED_SOURCE|VALUE_COL:Valor_Do_Crédito_2º_Edital_De_Credores",2026-09-03T23:03:32Z,build
09536120,0804401-51.2025.8.14.0039,2037616.99,09536120000263,1,SOJAL COMERCIA,,,1,FLOOR,c56751547323616443dc07ccc6d6c553539dec25,SEMPRE AGTECH LTDA,ROWS:p2r7,2026-09-03T23:03:32Z,build
05571228,0804401-51.2025.8.14.0039,2016948.56,05571228000155,1,SOJAL COMERCIA,,,1,FLOOR,c56751547323616443dc07ccc6d6c553539dec25,FERTILIZANTES TOCANTINS S.A,ROWS:p2r1,2026-09-03T23:03:32Z,build
71799001,8005129-09.2023.8.05.0039,2002544.34,71799001000196,1,e na falência,,,1,FLOOR,a0ae32a59c2928e385c610811f80949f98723486,REICHENBACH EQUIP IND.COM. LTDA,ROWS:p19r6|UNRECONCILED_SOURCE,2026-09-03T23:03:32Z,build
25382606,0804401-51.2025.8.14.0039,1849550.98,25382606000160,1,SOJAL COMERCIA,,,1,FLOOR,c56751547323616443dc07ccc6d6c553539dec25,URA AGRO FUNDO DE INVESTIMENTO EM DIREIT,ROWS:p2r12,2026-09-03T23:03:32Z,build
08632394,8005129-09.2023.8.05.0039,1841469.99,08632394000102,2,e na falência,,,1,FLOOR,a0ae32a59c2928e385c610811f80949f98723486,RED FIDC,"ROWS:p9r10,p19r5|UNRECONCILED_SOURCE",2026-09-03T23:03:32Z,build
07237373,8005129-09.2023.8.05.0039,1794937.22,07237373000120,2,e na falência,,,1,FLOOR,a0ae32a59c2928e385c610811f80949f98723486,BANCO DO NORDESTE,"ROWS:p5r10,p17r4|UNRECONCILED_SOURCE|VALUE_COL:Valor_Do_Crédito_2º_Edital_De_Credores",2026-09-03T23:03:32Z,build
62143847,8005129-09.2023.8.05.0039,1624039.19,62143847000182|62143847000263,2,e na falência,,,1,FLOOR,a0ae32a59c2928e385c610811f80949f98723486,DACARTO BENVIC LTDA,"ROWS:p6r12,p6r13|UNRECONCILED_SOURCE",2026-09-03T23:03:32Z,build
51254159,8005129-09.2023.8.05.0039,1557723.71,51254159000173,1,e na falência,,,1,FLOOR,a0ae32a59c2928e385c610811f80949f98723486,KARINA IND E COM DE PLASTICOS LTDA,ROWS:p8r5|UNRECONCILED_SOURCE,2026-09-03T23:03:32Z,build
00000000,,1456767.85,00000000000191,1,,,,1,FLOOR,6a92d74da333ce21f5461767626e7ff05b8f474a,BANCO DO BRASIL SA,CASE_NUMBER_MISSING|ROWS:p3r3,2026-09-03T23:03:32Z,build
00000000,0301015-33.2016.8.24.0031,1428907.29,00000000000191,1,e Extrajudicia,,,1,FLOOR,98f99945499b4824d14d0e34451a96945464b6ec,BANCO DO BRASIL S.A CNPJ,ROWS:p2r15|UNRECONCILED_SOURCE,2026-09-03T23:03:32Z,build
90400888,0008526-45.2025.8.17.2001,1400946.80,90400888000142,1,E FALENCIA,,,1,FLOOR,1658892fa167d2330f5086c9fbc19999d00549f1,BANCO SANTANDER (BRASIL) S.A,ROWS:p5r53,2026-09-03T23:03:32Z,build
20366728,0804401-51.2025.8.14.0039,1367817.98,20366728000149,1,SOJAL COMERCIA,,,1,FLOOR,c56751547323616443dc07ccc6d6c553539dec25,CASA BUGRE GOIAS COMERCIO E REPRESENTACA,ROWS:p1r9,2026-09-03T23:03:32Z,build
60846599,8005129-09.2023.8.05.0039,1359881.30,60846599000534,2,e na falência,,,1,FLOOR,a0ae32a59c2928e385c610811f80949f98723486,IBRAME INDUST RIA BRASILEIRA DE METAIS S,"ROWS:p7r11,p18r3|UNRECONCILED_SOURCE",2026-09-03T23:03:32Z,build
20791371,8005129-09.2023.8.05.0039,1357782.33,20791371000146,1,e na falência,,,1,FLOOR,a0ae32a59c2928e385c610811f80949f98723486,LS INTERBANK,ROWS:p8r14|UNRECONCILED_SOURCE,2026-09-03T23:03:32Z,build
50202890,0008526-45.2025.8.17.2001,1135255.25,50202890000192,1,E FALENCIA,,,1,FLOOR,1658892fa167d2330f5086c9fbc19999d00549f1,CREDMEI SECURITIZADORA II SPE S.A,ROWS:p5r54,2026-09-03T23:03:32Z,build
60746948,,1119574.81,60746948000112,1,,,,1,FLOOR,6a92d74da333ce21f5461767626e7ff05b8f474a,BANCO BRADESCO S.A.,CASE_NUMBER_MISSING|ROWS:p3r1,2026-09-03T23:03:32Z,build
21877243,0008526-45.2025.8.17.2001,1068252.89,21877243000182,1,E FALENCIA,,,1,FLOOR,1658892fa167d2330f5086c9fbc19999d00549f1,ARRUDA & MELO COMERCIO E DISTRIBUICAO DE ALIMENTOS E BEBIDAS LTDA,ROWS:p5r48,2026-09-03T23:03:32Z,build
31872495,0008526-45.2025.8.17.2001,1009368.30,31872495000172,1,E FALENCIA,,,1,FLOOR,1658892fa167d2330f5086c9fbc19999d00549f1,BANCO C6 S.A,ROWS:p5r65,2026-09-03T23:03:32Z,build
58160789,8005129-09.2023.8.05.0039,997900.20,58160789000128,2,e na falência,,,1,FLOOR,a0ae32a59c2928e385c610811f80949f98723486,BANCO SAFRA,"ROWS:p5r12,p17r6|UNRECONCILED_SOURCE|VALUE_COL:Valor_Do_Crédito_2º_Edital_De_Credores",2026-09-03T23:03:32Z,build
08886407,0804401-51.2025.8.14.0039,962991.90,08886407000170,1,SOJAL COMERCIA,,,1,FLOOR,c56751547323616443dc07ccc6d6c553539dec25,MINERACAO XAMBIOA LTDA,ROWS:p2r4,2026-09-03T23:03:32Z,build
09414255,8005129-09.2023.8.05.0039,926408.50,09414255000175,1,e na falência,,,1,FLOOR,a0ae32a59c2928e385c610811f80949f98723486,DANIELE MÚLTIPLO FUNDO DE INVESTIMENTO EM DIREITOS CREDITÓRIOS – NÃO PADRONIZADOS,ROWS:p7r1|UNRECONCILED_SOURCE,2026-09-03T23:03:32Z,build
21044682,8005129-09.2023.8.05.0039,864147.01,21044682000104,1,e na falência,,,1,FLOOR,a0ae32a59c2928e385c610811f80949f98723486,RG COPPER INDUSTRIA E COMERCIO DE CONDUT,ROWS:p9r14|UNRECONCILED_SOURCE,2026-09-03T23:03:32Z,build
11507489,8005129-09.2023.8.05.0039,783839.34,11507489000109,1,e na falência,,,1,FLOOR,a0ae32a59c2928e385c610811f80949f98723486,BFC,ROWS:p5r14|UNRECONCILED_SOURCE|VALUE_COL:Valor_Do_Crédito_2º_Edital_De_Credores,2026-09-03T23:03:32Z,build
09172117,8005129-09.2023.8.05.0039,758759.36,09172117000127,1,e na falência,,,1,FLOOR,a0ae32a59c2928e385c610811f80949f98723486,ASIA FIDC,ROWS:p5r5|UNRECONCILED_SOURCE|VALUE_COL:Valor_Do_Crédito_2º_Edital_De_Credores,2026-09-03T23:03:32Z,build
26506898,8005129-09.2023.8.05.0039,661424.53,26506898000168,2,e na falência,,,1,FLOOR,a0ae32a59c2928e385c610811f80949f98723486,TIRRENO,"ROWS:p10r6,p19r9|UNRECONCILED_SOURCE",2026-09-03T23:03:32Z,build
26489103,8005129-09.2023.8.05.0039,658063.00,26489103000150,2,e na falência,,,1,FLOOR,a0ae32a59c2928e385c610811f80949f98723486,INVISTA,"ROWS:p8r2,p18r4|UNRECONCILED_SOURCE",2026-09-03T23:03:32Z,build
19403406,0804204-35.2022.8.15.0731,644893.08,19403406001549,1,SECULAR COMERCIO CONSTRUÇÃO E REPRESENTAÇÃO LTDA,,,1,FLOOR,1355f93a13cd2722ee99a9ba39c71d079fe85ce0,MAGNUM DISTRIBUIDORA DE PNEUS S/A,ROWS:p1r21,2026-09-03T23:03:32Z,build
00360305,0301015-33.2016.8.24.0031,612992.66,00360305000104,1,e Extrajudicia,,,1,FLOOR,98f99945499b4824d14d0e34451a96945464b6ec,"CAIXA ECONOMICA FEDERAL, CNPJ",ROWS:p2r19|UNRECONCILED_SOURCE,2026-09-03T23:03:32Z,build
38733545,0804204-35.2022.8.15.0731,611207.10,38733545000180,1,SECULAR COMERCIO CONSTRUÇÃO E REPRESENTAÇÃO LTDA,,,1,FLOOR,1355f93a13cd2722ee99a9ba39c71d079fe85ce0,SOTIN SOLUÇÕES TECNICAS IND E COMERCIO LTDA,ROWS:p2r9,2026-09-03T23:03:32Z,build
11065453,8005129-09.2023.8.05.0039,611009.25,11065453000201,2,e na falência,,,1,FLOOR,a0ae32a59c2928e385c610811f80949f98723486,COBREMACK INDUSTRIA DE CONDUTORES ELETRI,"ROWS:p6r8,p17r10|UNRECONCILED_SOURCE|VALUE_COL:Valor_Do_Crédito_2º_Edital_De_Credores",2026-09-03T23:03:32Z,build
05216859,,569654.02,05216859000156,1,,,,1,FLOOR,6a92d74da333ce21f5461767626e7ff05b8f474a,BIOBASE INDUSTRIA E COMERCIO LTDA,CASE_NUMBER_MISSING|ROWS:p3r7,2026-09-03T23:03:32Z,build
01701201,0301015-33.2016.8.24.0031,568877.29,01701201000189,1,e Extrajudicia,,,1,FLOOR,98f99945499b4824d14d0e34451a96945464b6ec,"HSBC BANK BRASIL S.A, CNPJ",ROWS:p2r77|UNRECONCILED_SOURCE,2026-09-03T23:03:32Z,build
90400888,0804204-35.2022.8.15.0731,561196.46,90400888000142,1,SECULAR COMERCIO CONSTRUÇÃO E REPRESENTAÇÃO LTDA,,,1,FLOOR,1355f93a13cd2722ee99a9ba39c71d079fe85ce0,BANCO SANTANDER,ROWS:p1r5,2026-09-03T23:03:32Z,build
32274874,8005129-09.2023.8.05.0039,547127.35,32274874000123,2,e na falência,,,1,FLOOR,a0ae32a59c2928e385c610811f80949f98723486,CREDIT PARTNERS FUNDO DE INVESTIMENTO EM DIREITOS CREDITÓRIOS NÃO PADRONIZADOS,"ROWS:p6r11,p17r11|UNRECONCILED_SOURCE|VALUE_COL:Valor_Do_Crédito_2º_Edital_De_Credores",2026-09-03T23:03:32Z,build
10962529,0804401-51.2025.8.14.0039,526042.93,10962529000140,1,SOJAL COMERCIA,,,1,FLOOR,c56751547323616443dc07ccc6d6c553539dec25,CALMAP INDUSTRIA DE CALCARIO LTDA,ROWS:p1r8,2026-09-03T23:03:32Z,build
00466591,0000206-69.2013.8.17.1340,497078.85,00466591000197,1,AGROPECUÁRIA SERROTE REDONDO – LRF Líderes em Recuperação Judicial e Falência,,,1,FLOOR,7c0ce2830d0d7e22653dbd04dbb70cd8440069c6,COBB - VANTRESS BRASIL LTDA,"ALT_VALUE:497.078,85|ROWS:p1r23|VALUE_COL:Valor_Atualizado",2026-09-03T23:03:32Z,build
60746948,0008526-45.2025.8.17.2001,470302.13,60746948000112,1,E FALENCIA,,,1,FLOOR,1658892fa167d2330f5086c9fbc19999d00549f1,BANCO BRADESCO S.A,ROWS:p5r49,2026-09-03T23:03:32Z,build
18373437,0804401-51.2025.8.14.0039,467392.00,18373437000136,1,SOJAL COMERCIA,,,1,FLOOR,c56751547323616443dc07ccc6d6c553539dec25,CROPFERT INDUSTRIA DE FERTILIZANTES E AG,ROWS:p1r12,2026-09-03T23:03:32Z,build
29588019,0008526-45.2025.8.17.2001,407241.98,29588019001316,1,E FALENCIA,,,1,FLOOR,1658892fa167d2330f5086c9fbc19999d00549f1,COMARY INDUSTRIA DE BEBIDAS LTDA,ROWS:p5r69,2026-09-03T23:03:32Z,build
05860157,0000206-69.2013.8.17.1340,399413.94,05860157000100,1,AGROPECUÁRIA SERROTE REDONDO – LRF Líderes em Recuperação Judicial e Falência,,,1,FLOOR,7c0ce2830d0d7e22653dbd04dbb70cd8440069c6,EPE - PRODUTOS AGROPECUARIOS LTDA,"ALT_VALUE:399.413,94|ROWS:p2r4",2026-09-03T23:03:32Z,build
02291660,0000206-69.2013.8.17.1340,390081.00,02291660000102,1,AGROPECUÁRIA SERROTE REDONDO – LRF Líderes em Recuperação Judicial e Falência,,,1,FLOOR,7c0ce2830d0d7e22653dbd04dbb70cd8440069c6,L. D. NUNES LTDA,"ALT_VALUE:390.081,00|ROWS:p2r36",2026-09-03T23:03:32Z,build
36238945,8005129-09.2023.8.05.0039,361043.83,36238945000193,1,e na falência,,,1,FLOOR,a0ae32a59c2928e385c610811f80949f98723486,POLUX SECURITIZADORA DE RECEBÍVEIS COMERCIAIS S.A.,ROWS:p9r5|UNRECONCILED_SOURCE,2026-09-03T23:03:32Z,build
03143730,0820780-23.2026.8.14.0301,356666.66,03143730000130,1,e mpresa,,,1,FLOOR,38d930ab1caa2c9562c2171db6bb7801de1f28e5,SECRETARIA EXECUTIVA DE ESPORTE E LAZER,PARTIAL_DOC_CLASS_III_RECONCILED|ROWS:p3r25,2026-09-03T23:03:32Z,build
14492564,8005129-09.2023.8.05.0039,341250.00,14492564000101,1,e na falência,,,1,FLOOR,a0ae32a59c2928e385c610811f80949f98723486,POLYEXCEL IND E COM CP POLIMERICOS LTDA,ROWS:p9r6|UNRECONCILED_SOURCE,2026-09-03T23:03:32Z,build
43464332,0008526-45.2025.8.17.2001,334279.01,43464332000130|43464332000210,2,E FALENCIA,,,1,FLOOR,1658892fa167d2330f5086c9fbc19999d00549f1,IRON COMEX LTDA - Este documento foi gerado pelo usuário 031.***.***-17 em 10/06/2025 18:21:34,"LONG_CHUNK|ROWS:p5r78,p5r79",2026-09-03T23:03:32Z,build
03732359,0000206-69.2013.8.17.1340,334273.09,03732359000141,1,AGROPECUÁRIA SERROTE REDONDO – LRF Líderes em Recuperação Judicial e Falência,,,1,FLOOR,7c0ce2830d0d7e22653dbd04dbb70cd8440069c6,COOPERATIVA DE CRÉDITO RURAL DO ALTO PAJEU LTDA.,"ALT_VALUE:334.273,09|ROWS:p1r29|VALUE_COL:Valor_Atualizado",2026-09-03T23:03:32Z,build
00000000,0000206-69.2013.8.17.1340,324716.74,00000000060844,1,AGROPECUÁRIA SERROTE REDONDO – LRF Líderes em Recuperação Judicial e Falência,,,1,FLOOR,7c0ce2830d0d7e22653dbd04dbb70cd8440069c6,BANCO DO BRASIL S/A,"ALT_VALUE:324.716,74|ROWS:p1r13|VALUE_COL:Valor_Atualizado",2026-09-03T23:03:32Z,build
33647553,0820780-23.2026.8.14.0301,309484.78,33647553000190,1,e mpresa,,,1,FLOOR,38d930ab1caa2c9562c2171db6bb7801de1f28e5,FLUMINENSE FOOTBA LL CLUB,PARTIAL_DOC_CLASS_III_RECONCILED|ROWS:p3r19,2026-09-03T23:03:32Z,build
05052443,0000206-69.2013.8.17.1340,286961.94,05052443000140,1,AGROPECUÁRIA SERROTE REDONDO – LRF Líderes em Recuperação Judicial e Falência,,,1,FLOOR,7c0ce2830d0d7e22653dbd04dbb70cd8440069c6,PLASKEM EMBALAGENS LTDA,"ALT_VALUE:286.961,94|ROWS:p3r15",2026-09-03T23:03:32Z,build
12093804,0008526-45.2025.8.17.2001,286765.70,12093804000161,1,E FALENCIA,,,1,FLOOR,1658892fa167d2330f5086c9fbc19999d00549f1,CAPITAL ANNEX FUNDO DE INVESTIMENTO EM DIREITOS CREDITORIOS MULTISSETORIAL,ROWS:p5r68,2026-09-03T23:03:32Z,build
11516792,0804401-51.2025.8.14.0039,282047.00,11516792000178,1,SOJAL COMERCIA,,,1,FLOOR,c56751547323616443dc07ccc6d6c553539dec25,BRANDT SOLUCOES EM AGRICULTURA LTDA,ROWS:p1r7,2026-09-03T23:03:32Z,build
20791371,0804401-51.2025.8.14.0039,273047.11,20791371000146,1,SOJAL COMERCIA,,,1,FLOOR,c56751547323616443dc07ccc6d6c553539dec25,LS INTERBANK FUNDO DE INVESTIMENTO EM DI,ROWS:p2r3,2026-09-03T23:03:32Z,build
10925045,0829315-43.2023.8.15.0001,267635.55,10925045000120,1,"consta no Doc 04 aqui acostado, servindo a Rua Padre Carapuceiro, 706, Empresa",,,1,FLOOR,47e92e4db6f8d9b004d158805b0150b0d5f22a9e,OPTIMUM CONSULTORIA EM GESTAO PUBLICA LTDA,ROWS:p3r19,2026-09-03T23:03:32Z,build
08810422,0301015-33.2016.8.24.0031,238085.39,08810422000134,1,e Extrajudicia,,,1,FLOOR,98f99945499b4824d14d0e34451a96945464b6ec,"GUARARAPES PAINES LTDA, CNPJ",ROWS:p2r68|UNRECONCILED_SOURCE,2026-09-03T23:03:32Z,build
54289830,,235792.34,54289830000100,1,,,,1,FLOOR,6a92d74da333ce21f5461767626e7ff05b8f474a,DOREMUS ALIMENTOS LTDA,CASE_NUMBER_MISSING|ROWS:p3r14,2026-09-03T23:03:32Z,build
47799028,8005129-09.2023.8.05.0039,219345.95,47799028000102,1,e na falência,,,1,FLOOR,a0ae32a59c2928e385c610811f80949f98723486,EDENTEC INDUSTRIA E COMERCIO LTDA,ROWS:p7r3|UNRECONCILED_SOURCE,2026-09-03T23:03:32Z,build
60701190,0824037-95.2022.8.15.0001,209200.00,60701190000104,1,em questão. FAZ SA,,,1,FLOOR,49e767732638d57cf843ff857e8c16528c80e86f,ITAÚ UNIBANCO,ROWS:p2r59,2026-09-03T23:03:32Z,build
04591114,0000206-69.2013.8.17.1340,201080.88,04591114000104,1,AGROPECUÁRIA SERROTE REDONDO – LRF Líderes em Recuperação Judicial e Falência,,,1,FLOOR,7c0ce2830d0d7e22653dbd04dbb70cd8440069c6,DURANCHO – NUTRIÇÃO ANIMAL,"ALT_VALUE:49.140,00|ROWS:p2r1",2026-09-03T23:03:32Z,build
32282989,0820780-23.2026.8.14.0301,188233.36,32282989000160,1,e mpresa,,,0,POOL,38d930ab1caa2c9562c2171db6bb7801de1f28e5,ALVAREZ & MARSAL REESTRUTURACAO E ASSESS ORIA FINANCEIRA PARA SIT ESP LTDA,PARTIAL_DOC_CLASS_III_RECONCILED|ROWS:p3r13,2026-09-03T23:03:32Z,build
60746948,0824037-95.2022.8.15.0001,162443.50,60746948000112,1,em questão. FAZ SA,,,0,POOL,49e767732638d57cf843ff857e8c16528c80e86f,BANCO BRADESCO,ROWS:p2r56,2026-09-03T23:03:32Z,build
10842374,8005129-09.2023.8.05.0039,160996.26,10842374000108,1,e na falência,,,0,POOL,a0ae32a59c2928e385c610811f80949f98723486,MULTIPLO FUNDO DE INVESTIMENTO EM DIREITOS CREDITÓRIOS NÃO PADRONIZADOS MULTISSETORIA L,ROWS:p19r1|UNRECONCILED_SOURCE,2026-09-03T23:03:32Z,build
02435301,0804401-51.2025.8.14.0039,155266.23,02435301000416,1,SOJAL COMERCIA,,,0,POOL,c56751547323616443dc07ccc6d6c553539dec25,SIAGRI SISTEMAS DE GESTAO LTDA,ROWS:p2r8,2026-09-03T23:03:32Z,build
69915536,0000206-69.2013.8.17.1340,151663.31,69915536000133,1,AGROPECUÁRIA SERROTE REDONDO – LRF Líderes em Recuperação Judicial e Falência,,,0,POOL,7c0ce2830d0d7e22653dbd04dbb70cd8440069c6,JUAREZ DE OLIVEIRA M E,"ALT_VALUE:67.051,58|ROWS:p2r32",2026-09-03T23:03:32Z,build
12073848,0820780-23.2026.8.14.0301,151585.39,12073848000120,1,e mpresa,,,0,POOL,38d930ab1caa2c9562c2171db6bb7801de1f28e5,JC SOCCER TALENTS,PARTIAL_DOC_CLASS_III_RECONCILED|ROWS:p3r22,2026-09-03T23:03:32Z,build
52068491,0804204-35.2022.8.15.0731,135239.50,52068491000106,1,SECULAR COMERCIO CONSTRUÇÃO E REPRESENTAÇÃO LTDA,,,0,POOL,1355f93a13cd2722ee99a9ba39c71d079fe85ce0,SULPEÇAS COM E REPRES LTDA,ROWS:p2r10,2026-09-03T23:03:32Z,build
49698723,,131926.28,49698723000103,1,,,,0,POOL,6a92d74da333ce21f5461767626e7ff05b8f474a,M CASSAB COMERCIO E INDUSTRIA LTDA,CASE_NUMBER_MISSING|ROWS:p3r23,2026-09-03T23:03:32Z,build
07220874,0000206-69.2013.8.17.1340,131836.89,07220874000101,1,AGROPECUÁRIA SERROTE REDONDO – LRF Líderes em Recuperação Judicial e Falência,,,0,POOL,7c0ce2830d0d7e22653dbd04dbb70cd8440069c6,COMPANHIA DE ALIMENTOSDO NORDESTE CIALNE,"ALT_VALUE:131.836,89|ROWS:p1r27|VALUE_COL:Valor_Atualizado",2026-09-03T23:03:32Z,build
82165010,0301015-33.2016.8.24.0031,127861.62,82165010000141,1,e Extrajudicia,,,0,POOL,98f99945499b4824d14d0e34451a96945464b6ec,"MARTINS INDUSTRIA TEXTIL, CNPJ",ROWS:p3r12|UNRECONCILED_SOURCE,2026-09-03T23:03:32Z,build
28075236,8005129-09.2023.8.05.0039,126832.55,28075236000106,1,e na falência,,,0,POOL,a0ae32a59c2928e385c610811f80949f98723486,SOFISA RECEBÍVEIS FUNDO DE INVESTIMENTO EM DIREITOS CREDITÓRIOS PADRONIZADOS,ROWS:p10r3|UNRECONCILED_SOURCE,2026-09-03T23:03:32Z,build
29736901,0804204-35.2022.8.15.0731,120950.00,29736901000128,1,SECULAR COMERCIO CONSTRUÇÃO E REPRESENTAÇÃO LTDA,,,0,POOL,1355f93a13cd2722ee99a9ba39c71d079fe85ce0,PETROSTAR COMBUSTIVEIS LTDA,ROWS:p1r24,2026-09-03T23:03:32Z,build
03161388,,119306.11,03161388000109,1,,,,0,POOL,6a92d74da333ce21f5461767626e7ff05b8f474a,MASTERSENSE INGREDIENTES ALIMENTICIOS LTDA,CASE_NUMBER_MISSING|ROWS:p3r25,2026-09-03T23:03:32Z,build
60746948,0301015-33.2016.8.24.0031,111757.17,60746948000112,1,e Extrajudicia,,,0,POOL,98f99945499b4824d14d0e34451a96945464b6ec,"BANCO BRADESCO S/A, CNPJ",ROWS:p2r13|UNRECONCILED_SOURCE,2026-09-03T23:03:32Z,build
08888040,0804204-35.2022.8.15.0731,108000.00,08888040000123,1,SECULAR COMERCIO CONSTRUÇÃO E REPRESENTAÇÃO LTDA,,,0,POOL,1355f93a13cd2722ee99a9ba39c71d079fe85ce0,CP COMERCIAL S.A,ROWS:p1r10,2026-09-03T23:03:32Z,build
06974793,0804204-35.2022.8.15.0731,107850.00,06974793000126,1,SECULAR COMERCIO CONSTRUÇÃO E REPRESENTAÇÃO LTDA,,,0,POOL,1355f93a13cd2722ee99a9ba39c71d079fe85ce0,CAVALO MARINHO COMBUSTIVEIS PERNAMBUCO,ROWS:p1r8,2026-09-03T23:03:32Z,build
14724478,0008526-45.2025.8.17.2001,107500.00,14724478000179,1,E FALENCIA,,,0,POOL,1658892fa167d2330f5086c9fbc19999d00549f1,M.C. ARRUDA ADMINISTRADORA DE BENS S.A,ROWS:p5r57,2026-09-03T23:03:32Z,build
33069766,0000206-69.2013.8.17.1340,106991.72,33069766000343,1,AGROPECUÁRIA SERROTE REDONDO – LRF Líderes em Recuperação Judicial e Falência,,,0,POOL,7c0ce2830d0d7e22653dbd04dbb70cd8440069c6,CIA BRAS PETROLEO IPIRANGA,"ALT_VALUE:20.067,50|ROWS:p1r19|VALUE_COL:Valor_Atualizado",2026-09-03T23:03:32Z,build
91884981,0804401-51.2025.8.14.0039,103498.23,91884981000132,1,SOJAL COMERCIA,,,0,POOL,c56751547323616443dc07ccc6d6c553539dec25,BANCO JHON DEERE S.A,ROWS:p1r6,2026-09-03T23:03:32Z,build
34250750,0804401-51.2025.8.14.0039,103000.00,34250750000133,1,SOJAL COMERCIA,,,0,POOL,c56751547323616443dc07ccc6d6c553539dec25,CERES INVESTIMENTOS E CONSULTORIA LTDA,ROWS:p1r10,2026-09-03T23:03:32Z,build
14547859,0804204-35.2022.8.15.0731,100000.00,14547859000120,1,SECULAR COMERCIO CONSTRUÇÃO E REPRESENTAÇÃO LTDA,,,0,POOL,1355f93a13cd2722ee99a9ba39c71d079fe85ce0,PLANALTO COMERCIO DE COMBUSTIVEIS E LUBRIFICANTES LTDA,ROWS:p2r2,2026-09-03T23:03:32Z,build
