creditor_name,cnpj,case_number,amount_old,status_old,source_url,raw
VINICOLA CAMPESTRE LTDA,98521909000270,0008526-45.2025.8.17.2001,9558482.85,,https://diligence.adm.br/wp-content/uploads/2025/06/Edital-1a-Lista-de-Credores.pdf,"VINICOLA CAMPESTRE LTDA |  |  |  |  |  | 98521909000270 | ATIVA | ARRUDA & MELO REPRESENTACAO DE ALIMENTOS E BEBIDAS LTDA | 0008526-45.2025.8.17.2001 | III - QUIROGRAFÁRIO | R$ 9,558,482.85 |  |  |  | TRUSTED_NAME_ALIGNED | 0.692 | PROVISIONAL_CLASS_III_CANDIDATE | Pernambuco (TJPE) | RS | VACARIA |"
ADDIANTE S.A,48430290000130,0804401-51.2025.8.14.0039,7135516.97,,https://lrflideres.com.br/wp-content/plugins/download-attachments/includes/download.php?id=6879,"ADDIANTE S.A |  |  |  |  |  | 48430290000130 | ATIVA | SOJAL COMERCIAL AGRICOLA LTDA e outros | 0804401-51.2025.8.14.0039 | III - QUIROGRAFÁRIO | R$ 7,135,516.97 |  |  |  | TRUSTED_NAME_ALIGNED | 0.632 | PROVISIONAL_CLASS_III_CANDIDATE | Pará (TJPA) | PR | CURITIBA | Locação de outros meios de trans"
SEMPRE AGTECH LTDA,09536120000263,0804401-51.2025.8.14.0039,2037616.99,E-mailed,https://lrflideres.com.br/wp-content/plugins/download-attachments/includes/download.php?id=6879,"SEMPRE AGTECH LTDA | E-mailed |  |  |  |  | 09536120000263 | ATIVA | SOJAL COMERCIAL AGRICOLA LTDA e outros | 0804401-51.2025.8.14.0039 | III - QUIROGRAFÁRIO | R$ 2,037,616.99 |  |  |  | TRUSTED_NAME_ALIGNED | 0.632 | PROVISIONAL_CLASS_III_CANDIDATE | Pará (TJPA) | GO | SANTA HELENA DE GOIAS | Produ"
FERTILIZANTES TOCANTINS S.A,05571228000155,0804401-51.2025.8.14.0039,2016948.56,E-mailed,https://lrflideres.com.br/wp-content/plugins/download-attachments/includes/download.php?id=6879,"FERTILIZANTES TOCANTINS S.A | E-mailed |  |  |  |  | 05571228000155 | ATIVA | SOJAL COMERCIAL AGRICOLA LTDA e outros | 0804401-51.2025.8.14.0039 | III - QUIROGRAFÁRIO | R$ 2,016,948.56 |  |  |  | TRUSTED_NAME_ALIGNED | 0.806 | PROVISIONAL_CLASS_III_CANDIDATE | Pará (TJPA) | TO | PORTO NACIONAL | Fab"
TAG INDUSTRIA E LAMINACAO LTDA,33233778000108,8005129-09.2023.8.05.0039,1981695.98,CALLED,https://assistjud.com.br/wp-content/uploads/elementor/forms/65098c80a5824.pdf,"TAG INDUSTRIA E LAMINACAO LTDA | CALLED |  |  |  | Cleilton referrred me to Paulo | 33233778000108 | ATIVA | Conduscabos Brasil Indústria Comércio de Condutores Elétricos LTDA. | 8005129-09.2023.8.05.0039 | III - QUIROGRAFÁRIO | R$ 1,981,695.98 |  |  |  | TRUSTED_NAME_ALIGNED | 0.651 | PROVISIONAL_C"
IBRAME INDUSTRIA BRASILEIRA DE METAIS S/A,60846599000534,8005129-09.2023.8.05.0039,815928.78,E-mailed,https://assistjud.com.br/wp-content/uploads/elementor/forms/65098c80a5824.pdf,"IBRAME INDUSTRIA BRASILEIRA DE METAIS S/A | E-mailed | Flavio | 55 11 5632-3258 | HQ - 55 11 5632-3229 |  | 60846599000534 | ATIVA | Conduscabos Brasil Indústria Comércio de Condutores Elétricos LTDA. | 8005129-09.2023.8.05.0039 | III - QUIROGRAFÁRIO | R$ 815,928.78 | 203982.195 | 122389.317 | 81592"
COMARY INDUSTRIA DE BEBIDAS LTDA,29588019001316,0008526-45.2025.8.17.2001,407241.98,E-mailed,https://diligence.adm.br/wp-content/uploads/2025/06/Edital-1a-Lista-de-Credores.pdf,"COMARY INDUSTRIA DE BEBIDAS LTDA | E-mailed | Juliana Cristina Pereira | 021 2152-4000 |  | Spoke to a really nice JUliana Maderia | 29588019001316 | ATIVA | ARRUDA & MELO REPRESENTACAO DE ALIMENTOS E BEBIDAS LTDA | 0008526-45.2025.8.17.2001 | III - QUIROGRAFÁRIO | R$ 407,241.98 |  |  |  | TRUSTED_N"
REDE FAMILIA DE COMUNICACAO LTDA,48393755000120,,325723.67,,"https://scalzilliaj.com.br/sgc/download.php?file=files/processo_documento/processo_documento15513401112022_1_.pdf\&nome=15%20-%20Edital%20do%20art.%207%C2%BA,%20%C2%A72%C2%BA%20(segunda%20lista%20de%20credores)%20e%20do%20art.%2053%20da%20Lei%2011.101/2005%20(recebimento%20do%20plano)","REDE FAMILIA DE COMUNICACAO LTDA |  |  |  |  |  | 48393755000120 | ATIVA | Vector Indústria de Produtos Metalúrgicos Ltda. (Arke) |  | III - QUIROGRAFÁRIO | R$ 325,723.67 |  |  |  | TRUSTED_NAME_ALIGNED | 0.831 | PROVISIONAL_CLASS_III_CANDIDATE | Rio Grande do Sul (TJRS) | SP | LIMEIRA | Atividades "
MTC INCORPORACOES IMOBILIARIAS LTDA,12749549000162,,309000.00,,"https://scalzilliaj.com.br/sgc/download.php?file=files/processo_documento/processo_documento15513401112022_1_.pdf\&nome=15%20-%20Edital%20do%20art.%207%C2%BA,%20%C2%A72%C2%BA%20(segunda%20lista%20de%20credores)%20e%20do%20art.%2053%20da%20Lei%2011.101/2005%20(recebimento%20do%20plano)","MTC INCORPORACOES IMOBILIARIAS LTDA |  |  |  |  |  | 12749549000162 | ATIVA | Vector Indústria de Produtos Metalúrgicos Ltda. (Arke) |  | III - QUIROGRAFÁRIO | R$ 309,000.00 |  |  |  | TRUSTED_NAME_ALIGNED | 0.929 | PROVISIONAL_CLASS_III_CANDIDATE | Rio Grande do Sul (TJRS) | RS | CAXIAS DO SUL | In"
OPTIMUM CONSULTORIA EM GESTAO PUBLICA E EMPRESARIAL LTDA,10925045000120,0829315-43.2023.8.15.0001,267635.55,,https://lrflideres.com.br/wp-content/plugins/download-attachments/includes/download.php?id=5828,"OPTIMUM CONSULTORIA EM GESTAO PUBLICA E EMPRESARIAL LTDA |  |  |  |  |  | 10925045000120 | ATIVA | TREZE FUTEBOL CLUBE | 0829315-43.2023.8.15.0001 | III - QUIROGRAFÁRIO | R$ 267,635.55 |  |  |  | TRUSTED_NAME_ALIGNED | 0.841 | PROVISIONAL_CLASS_III_CANDIDATE | Paraíba (TJPB) | PB | CAMPINA GRANDE | "
SAFEGOLD GERENCIAMENTO DE CAPITAL LTDA,13177802000113,,203501.15,,"https://scalzilliaj.com.br/sgc/download.php?file=files/processo_documento/processo_documento15513401112022_1_.pdf\&nome=15%20-%20Edital%20do%20art.%207%C2%BA,%20%C2%A72%C2%BA%20(segunda%20lista%20de%20credores)%20e%20do%20art.%2053%20da%20Lei%2011.101/2005%20(recebimento%20do%20plano)","SAFEGOLD GERENCIAMENTO DE CAPITAL LTDA |  |  |  |  |  | 13177802000113 | ATIVA | Vector Indústria de Produtos Metalúrgicos Ltda. (Arke) |  | III - QUIROGRAFÁRIO | R$ 203,501.15 | 50875.2875 | 30525.1725 | 20350.115 | TRUSTED_NAME_ALIGNED | 0.842 | PROVISIONAL_CLASS_III_CANDIDATE | Rio Grande do Sul "
IRON COMEX LTDA,43464332000130,0008526-45.2025.8.17.2001,184223.97,,https://diligence.adm.br/wp-content/uploads/2025/06/Edital-1a-Lista-de-Credores.pdf,"IRON COMEX LTDA |  |  |  |  |  | 43464332000130 | ATIVA | ARRUDA & MELO REPRESENTACAO DE ALIMENTOS E BEBIDAS LTDA | 0008526-45.2025.8.17.2001 | III - QUIROGRAFÁRIO | R$ 184,223.97 |  |  |  | TRUSTED_NAME_ALIGNED | 1 | PROVISIONAL_CLASS_III_CANDIDATE | Pernambuco (TJPE) | PE | RECIFE | Comércio ataca"
GEDOZ COMERCIO DE FERROS LTDA,87821278000299,,178822.70,,"https://scalzilliaj.com.br/sgc/download.php?file=files/processo_documento/processo_documento15513401112022_1_.pdf\&nome=15%20-%20Edital%20do%20art.%207%C2%BA,%20%C2%A72%C2%BA%20(segunda%20lista%20de%20credores)%20e%20do%20art.%2053%20da%20Lei%2011.101/2005%20(recebimento%20do%20plano)","GEDOZ COMERCIO DE FERROS LTDA |  |  |  |  |  | 87821278000299 | ATIVA | Vector Indústria de Produtos Metalúrgicos Ltda. (Arke) |  | III - QUIROGRAFÁRIO | R$ 178,822.70 |  |  |  | TRUSTED_NAME_ALIGNED | 0.735 | PROVISIONAL_CLASS_III_CANDIDATE | Rio Grande do Sul (TJRS) | RS | CAXIAS DO SUL | Comércio"
BELMAN COMERCIO DE ACOS LTDA,02925166000144,,152754.49,,"https://scalzilliaj.com.br/sgc/download.php?file=files/processo_documento/processo_documento15513401112022_1_.pdf\&nome=15%20-%20Edital%20do%20art.%207%C2%BA,%20%C2%A72%C2%BA%20(segunda%20lista%20de%20credores)%20e%20do%20art.%2053%20da%20Lei%2011.101/2005%20(recebimento%20do%20plano)","BELMAN COMERCIO DE ACOS LTDA |  |  |  |  |  | 02925166000144 | ATIVA | Vector Indústria de Produtos Metalúrgicos Ltda. (Arke) |  | III - QUIROGRAFÁRIO | R$ 152,754.49 |  |  |  | TRUSTED_NAME_ALIGNED | 0.807 | PROVISIONAL_CLASS_III_CANDIDATE | Rio Grande do Sul (TJRS) | RS | CAXIAS DO SUL | Comércio "
M.C. ARRUDA ADMINISTRADORA DE BENS S.A.,14724478000179,0008526-45.2025.8.17.2001,107500.00,,https://diligence.adm.br/wp-content/uploads/2025/06/Edital-1a-Lista-de-Credores.pdf,"M.C. ARRUDA ADMINISTRADORA DE BENS S.A. |  |  |  |  |  | 14724478000179 | ATIVA | ARRUDA & MELO REPRESENTACAO DE ALIMENTOS E BEBIDAS LTDA | 0008526-45.2025.8.17.2001 | III - QUIROGRAFÁRIO | R$ 107,500.00 |  |  |  | TRUSTED_NAME_ALIGNED | 0.851 | PROVISIONAL_CLASS_III_CANDIDATE | Pernambuco (TJPE) | "
ATEM'S DISTRIBUIDORA DE PETROLEO S.A.,03987364000103,0652260-87.2018.8.04.0001,103343.93,,https://ajbrajalveiga.com.br/processos/download/grupo-galo/4%20-%20Edital.pdf,"ATEM'S DISTRIBUIDORA DE PETROLEO S.A. |  |  |  |  |  | 03987364000103 | ATIVA | Galo da Serra Navegação Fluvial e Logística Ltda e outros | 0652260-87.2018.8.04.0001 | III - QUIROGRAFÁRIO | R$ 103,343.93 |  |  |  | TRUSTED_NAME_ALIGNED | 0.82 | PROVISIONAL_CLASS_III_CANDIDATE | Amazonas (TJAM) | AM "
ACO CEARENSE INDUSTRIAL LTDA,00990842000308,0800778-16.2023.8.20.5104,99326.74,,http://recuperacaojudicial.squarespace.com/s/LISTA-DE-CREDORES-CONSOLIDADA-ATE-04102024.pdf,"ACO CEARENSE INDUSTRIAL LTDA |  |  |  |  |  | 00990842000308 | ATIVA | IMPLASVERDE INDUSTRIA DE PLASTICOS BAIXAVERDE LTDA | 0800778-16.2023.8.20.5104 | III - QUIROGRAFÁRIO | R$ 99,326.74 |  |  |  | TRUSTED_NAME_ALIGNED | 1 | PROVISIONAL_CLASS_III_CANDIDATE | Rio Grande do Norte (TJRN) | CE | CAUCAIA"
EMPRESA DE TERMOPLASTICOS DO NORDESTE ETENO LTDA,08516950000185,0800778-16.2023.8.20.5104,96123.94,,http://recuperacaojudicial.squarespace.com/s/LISTA-DE-CREDORES-CONSOLIDADA-ATE-04102024.pdf,"EMPRESA DE TERMOPLASTICOS DO NORDESTE ETENO LTDA |  |  |  |  |  | 08516950000185 | ATIVA | IMPLASVERDE INDUSTRIA DE PLASTICOS BAIXAVERDE LTDA | 0800778-16.2023.8.20.5104 | III - QUIROGRAFÁRIO | R$ 96,123.94 |  |  |  | TRUSTED_NAME_ALIGNED | 0.868 | PROVISIONAL_CLASS_III_CANDIDATE | Rio Grande do Nor"
VEX PAINEIS LTDA,08142786000193,8005129-09.2023.8.05.0039,90775.00,,https://assistjud.com.br/wp-content/uploads/elementor/forms/65098c80a5824.pdf,"VEX PAINEIS LTDA |  |  |  |  |  | 08142786000193 | ATIVA | Conduscabos Brasil Indústria Comércio de Condutores Elétricos LTDA. | 8005129-09.2023.8.05.0039 | III - QUIROGRAFÁRIO | R$ 90,775.00 |  |  |  | TRUSTED_NAME_ALIGNED | 0.595 | PROVISIONAL_CLASS_III_CANDIDATE | Bahia (TJBA) | SP | SAO PAULO | "
HABILIS SERVICOS E TREINAMENTOS EM TECNOLOGIA LTDA,34720351000199,0008526-45.2025.8.17.2001,88848.14,,https://diligence.adm.br/wp-content/uploads/2025/06/Edital-1a-Lista-de-Credores.pdf,"HABILIS SERVICOS E TREINAMENTOS EM TECNOLOGIA LTDA |  |  |  |  |  | 34720351000199 | ATIVA | ARRUDA & MELO REPRESENTACAO DE ALIMENTOS E BEBIDAS LTDA | 0008526-45.2025.8.17.2001 | III - QUIROGRAFÁRIO | R$ 88,848.14 |  |  |  | TRUSTED_NAME_ALIGNED | 0.928 | PROVISIONAL_CLASS_III_CANDIDATE | Pernambuco"
MEGA PACK PLASTICOS S.A,19631376000203,0800778-16.2023.8.20.5104,84000.00,,http://recuperacaojudicial.squarespace.com/s/LISTA-DE-CREDORES-CONSOLIDADA-ATE-04102024.pdf,"MEGA PACK PLASTICOS S.A |  |  |  |  |  | 19631376000203 | ATIVA | IMPLASVERDE INDUSTRIA DE PLASTICOS BAIXAVERDE LTDA | 0800778-16.2023.8.20.5104 | III - QUIROGRAFÁRIO | R$ 84,000.00 |  |  |  | TRUSTED_NAME_ALIGNED | 0.657 | PROVISIONAL_CLASS_III_CANDIDATE | Rio Grande do Norte (TJRN) | AM | MANAUS |"
AVANTE ADMINISTRACAO E COBRANCA LTDA,07918102000130,8005129-09.2023.8.05.0039,82500.00,,https://assistjud.com.br/wp-content/uploads/elementor/forms/65098c80a5824.pdf,"AVANTE ADMINISTRACAO E COBRANCA LTDA |  |  |  |  |  | 07918102000130 | ATIVA | Conduscabos Brasil Indústria Comércio de Condutores Elétricos LTDA. | 8005129-09.2023.8.05.0039 | III - QUIROGRAFÁRIO | R$ 82,500.00 |  |  |  | TRUSTED_NAME_ALIGNED | 0.567 | PROVISIONAL_CLASS_III_CANDIDATE | Bahia (TJBA)"
SIND DOS TRABS NAS INDS MET MEC E DE MAT ELETRIC DE CXS,88662267000195,,72683.87,,"https://scalzilliaj.com.br/sgc/download.php?file=files/processo_documento/processo_documento15513401112022_1_.pdf\&nome=15%20-%20Edital%20do%20art.%207%C2%BA,%20%C2%A72%C2%BA%20(segunda%20lista%20de%20credores)%20e%20do%20art.%2053%20da%20Lei%2011.101/2005%20(recebimento%20do%20plano)","SIND DOS TRABS NAS INDS MET MEC E DE MAT ELETRIC DE CXS |  |  |  |  |  | 88662267000195 | ATIVA | Vector Indústria de Produtos Metalúrgicos Ltda. (Arke) |  | III - QUIROGRAFÁRIO | R$ 72,683.87 |  |  |  | TRUSTED_NAME_ALIGNED | 0.571 | PROVISIONAL_CLASS_III_CANDIDATE | Rio Grande do Sul (TJRS) | RS |"
ATENA OPERADORA TURISTICA LTDA.,21575389000173,0820780-23.2026.8.14.0301,59285.71,,https://cdn.dol.com.br/img/attachmentinline/940000/6publicacao-2-edital-art-7-parag-2-da-lei-11101-20009467060.pdf?xid=3272528,"ATENA OPERADORA TURISTICA LTDA. |  |  |  |  |  | 21575389000173 | ATIVA | PAYSANDU SPORT CLUB | 0820780-23.2026.8.14.0301 | III - QUIROGRAFÁRIO | R$ 59,285.71 |  |  |  | TRUSTED_NAME_ALIGNED | 1 | PROVISIONAL_CLASS_III_CANDIDATE | Pará (TJPA) | RJ | RIO DE JANEIRO | Agências de viagens | Sociedade E"
DOMINIK COMERCIO E INDUSTRIA DE METAIS E EQUIPAMENTOS LTDA,72332794000363,8005129-09.2023.8.05.0039,56421.22,,https://assistjud.com.br/wp-content/uploads/elementor/forms/65098c80a5824.pdf,"DOMINIK COMERCIO E INDUSTRIA DE METAIS E EQUIPAMENTOS LTDA |  |  |  |  |  | 72332794000363 | ATIVA | Conduscabos Brasil Indústria Comércio de Condutores Elétricos LTDA. | 8005129-09.2023.8.05.0039 | III - QUIROGRAFÁRIO | R$ 56,421.22 |  |  |  | TRUSTED_NAME_ALIGNED | 0.561 | PROVISIONAL_CLASS_III_CA"
FUSOPAR PARAFUSOS LTDA,89135073000102,,55215.92,,"https://scalzilliaj.com.br/sgc/download.php?file=files/processo_documento/processo_documento15513401112022_1_.pdf\&nome=15%20-%20Edital%20do%20art.%207%C2%BA,%20%C2%A72%C2%BA%20(segunda%20lista%20de%20credores)%20e%20do%20art.%2053%20da%20Lei%2011.101/2005%20(recebimento%20do%20plano)","FUSOPAR PARAFUSOS LTDA |  |  |  |  |  | 89135073000102 | ATIVA | Vector Indústria de Produtos Metalúrgicos Ltda. (Arke) |  | III - QUIROGRAFÁRIO | R$ 55,215.92 |  |  |  | TRUSTED_NAME_ALIGNED | 0.69 | PROVISIONAL_CLASS_III_CANDIDATE | Rio Grande do Sul (TJRS) | RS | CAXIAS DO SUL | Fabricação de out"
BRASKEM S.A,42150391003005,0800778-16.2023.8.20.5104,46729.62,,http://recuperacaojudicial.squarespace.com/s/LISTA-DE-CREDORES-CONSOLIDADA-ATE-04102024.pdf,"BRASKEM S.A |  |  |  |  |  | 42150391003005 | ATIVA | IMPLASVERDE INDUSTRIA DE PLASTICOS BAIXAVERDE LTDA | 0800778-16.2023.8.20.5104 | III - QUIROGRAFÁRIO | R$ 46,729.62 |  |  |  | TRUSTED_NAME_ALIGNED | 1 | PROVISIONAL_CLASS_III_CANDIDATE | Rio Grande do Norte (TJRN) | BA | CAMACARI | Fabricação de"
TRICHES FERRO E ACO LTDA,88610605000145,,41683.03,,"https://scalzilliaj.com.br/sgc/download.php?file=files/processo_documento/processo_documento15513401112022_1_.pdf\&nome=15%20-%20Edital%20do%20art.%207%C2%BA,%20%C2%A72%C2%BA%20(segunda%20lista%20de%20credores)%20e%20do%20art.%2053%20da%20Lei%2011.101/2005%20(recebimento%20do%20plano)","TRICHES FERRO E ACO LTDA |  |  |  |  |  | 88610605000145 | ATIVA | Vector Indústria de Produtos Metalúrgicos Ltda. (Arke) |  | III - QUIROGRAFÁRIO | R$ 41,683.03 |  |  |  | TRUSTED_NAME_ALIGNED | 1 | PROVISIONAL_CLASS_III_CANDIDATE | Rio Grande do Sul (TJRS) | RS | CAXIAS DO SUL | Fabricação de outr"
SIDERURGICA NORTE BRASIL S/A,07933914000154,0800778-16.2023.8.20.5104,40552.92,,http://recuperacaojudicial.squarespace.com/s/LISTA-DE-CREDORES-CONSOLIDADA-ATE-04102024.pdf,"SIDERURGICA NORTE BRASIL S/A |  |  |  |  |  | 07933914000154 | ATIVA | IMPLASVERDE INDUSTRIA DE PLASTICOS BAIXAVERDE LTDA | 0800778-16.2023.8.20.5104 | III - QUIROGRAFÁRIO | R$ 40,552.92 |  |  |  | TRUSTED_NAME_ALIGNED | 0.923 | PROVISIONAL_CLASS_III_CANDIDATE | Rio Grande do Norte (TJRN) | PA | MAR"
MULTIPLAX INDUSTRIA E COMERCIO DE PLASTICOS LTDA,09665178000550,0800778-16.2023.8.20.5104,38625.00,,http://recuperacaojudicial.squarespace.com/s/LISTA-DE-CREDORES-CONSOLIDADA-ATE-04102024.pdf,"MULTIPLAX INDUSTRIA E COMERCIO DE PLASTICOS LTDA |  |  |  |  |  | 09665178000550 | ATIVA | IMPLASVERDE INDUSTRIA DE PLASTICOS BAIXAVERDE LTDA | 0800778-16.2023.8.20.5104 | III - QUIROGRAFÁRIO | R$ 38,625.00 |  |  |  | TRUSTED_NAME_ALIGNED | 1 | PROVISIONAL_CLASS_III_CANDIDATE | Rio Grande do Norte ("
INDUSTRIA DE TRANSFORMADORES AMAZONAS LTDA,15815491000104,0532018-89.2024.8.04.0001,37576.45,,https://ajud-mm.s3.amazonaws.com/arquivos/9736_67100457ccb7a.pdf,"INDUSTRIA DE TRANSFORMADORES AMAZONAS LTDA |  |  |  |  |  | 15815491000104 | ATIVA | RD Engenharia Ltda e outros | 0532018-89.2024.8.04.0001 | III - QUIROGRAFÁRIO | R$ 37,576.45 |  |  |  | TRUSTED_NAME_ALIGNED | 0.787 | PROVISIONAL_CLASS_III_CANDIDATE | Amazonas (TJAM) | AM | MANAUS | Fabricação de "
GRAFICA E EDITORA 3 DE MAIO LTDA,76817808000128,,33089.33,,https://administradorajudicialgs.com.br/wp-content/uploads/2023/08/edital-quadro-geral-de-credores.pdf,"GRAFICA E EDITORA 3 DE MAIO LTDA |  |  |  |  |  | 76817808000128 | ATIVA | Unknown Debtor |  | III - QUIROGRAFÁRIO | R$ 33,089.33 |  |  |  | TRUSTED_NAME_ALIGNED | 0.857 | PROVISIONAL_CLASS_III_CANDIDATE | Santa Catarina (TJSC) | SC | BLUMENAU | Impressão de material para uso publicitário | Sociedad"
POLIMAQUINAS INDUSTRIA E COMERCIO LIMITADA,46142725000115,0800778-16.2023.8.20.5104,32399.97,,http://recuperacaojudicial.squarespace.com/s/LISTA-DE-CREDORES-CONSOLIDADA-ATE-04102024.pdf,"POLIMAQUINAS INDUSTRIA E COMERCIO LIMITADA |  |  |  |  |  | 46142725000115 | ATIVA | IMPLASVERDE INDUSTRIA DE PLASTICOS BAIXAVERDE LTDA | 0800778-16.2023.8.20.5104 | III - QUIROGRAFÁRIO | R$ 32,399.97 |  |  |  | TRUSTED_NAME_ALIGNED | 1 | PROVISIONAL_CLASS_III_CANDIDATE | Rio Grande do Norte (TJRN) "
ROTA SUL TRANSPORTE DE CARGAS LTDA,02442313000125,,31955.15,,"https://scalzilliaj.com.br/sgc/download.php?file=files/processo_documento/processo_documento15513401112022_1_.pdf\&nome=15%20-%20Edital%20do%20art.%207%C2%BA,%20%C2%A72%C2%BA%20(segunda%20lista%20de%20credores)%20e%20do%20art.%2053%20da%20Lei%2011.101/2005%20(recebimento%20do%20plano)","ROTA SUL TRANSPORTE DE CARGAS LTDA |  |  |  |  |  | 02442313000125 | ATIVA | Vector Indústria de Produtos Metalúrgicos Ltda. (Arke) |  | III - QUIROGRAFÁRIO | R$ 31,955.15 |  |  |  | TRUSTED_NAME_ALIGNED | 0.906 | PROVISIONAL_CLASS_III_CANDIDATE | Rio Grande do Sul (TJRS) | RS | CAXIAS DO SUL | Tran"
GEOFUSION SISTEMAS E SERVICOS DE INFORMATICA LTDA,10502273000198,0008526-45.2025.8.17.2001,30854.72,,https://diligence.adm.br/wp-content/uploads/2025/06/Edital-1a-Lista-de-Credores.pdf,"GEOFUSION SISTEMAS E SERVICOS DE INFORMATICA LTDA |  |  |  |  |  | 10502273000198 | ATIVA | ARRUDA & MELO REPRESENTACAO DE ALIMENTOS E BEBIDAS LTDA | 0008526-45.2025.8.17.2001 | III - QUIROGRAFÁRIO | R$ 30,854.72 |  |  |  | TRUSTED_NAME_ALIGNED | 1 | PROVISIONAL_CLASS_III_CANDIDATE | Pernambuco (TJP"
ELENKO SPORTS LTDA,21317529000103,0820780-23.2026.8.14.0301,27613.14,,https://cdn.dol.com.br/img/attachmentinline/940000/6publicacao-2-edital-art-7-parag-2-da-lei-11101-20009467060.pdf?xid=3272528,"ELENKO SPORTS LTDA |  |  |  |  |  | 21317529000103 | ATIVA | PAYSANDU SPORT CLUB | 0820780-23.2026.8.14.0301 | III - QUIROGRAFÁRIO | R$ 27,613.14 |  |  |  | TRUSTED_NAME_ALIGNED | 0.565 | PROVISIONAL_CLASS_III_CANDIDATE | Pará (TJPA) | SP | SAO PAULO | Agenciamento de profissionais para atividades e"
VALGROUP AM INDUSTRIA DE MASTERBATCH LTDA.,03071894000360,0800778-16.2023.8.20.5104,26655.00,,http://recuperacaojudicial.squarespace.com/s/LISTA-DE-CREDORES-CONSOLIDADA-ATE-04102024.pdf,"VALGROUP AM INDUSTRIA DE MASTERBATCH LTDA. |  |  |  |  |  | 03071894000360 | ATIVA | IMPLASVERDE INDUSTRIA DE PLASTICOS BAIXAVERDE LTDA | 0800778-16.2023.8.20.5104 | III - QUIROGRAFÁRIO | R$ 26,655.00 |  |  |  | TRUSTED_NAME_ALIGNED | 0.928 | PROVISIONAL_CLASS_III_CANDIDATE | Rio Grande do Norte (TJ"
FEDERAL EXPRESS CORPORATION,00676486000182,,26451.14,,"https://scalzilliaj.com.br/sgc/download.php?file=files/processo_documento/processo_documento15513401112022_1_.pdf\&nome=15%20-%20Edital%20do%20art.%207%C2%BA,%20%C2%A72%C2%BA%20(segunda%20lista%20de%20credores)%20e%20do%20art.%2053%20da%20Lei%2011.101/2005%20(recebimento%20do%20plano)","FEDERAL EXPRESS CORPORATION |  |  |  |  |  | 00676486000182 | ATIVA | Vector Indústria de Produtos Metalúrgicos Ltda. (Arke) |  | III - QUIROGRAFÁRIO | R$ 26,451.14 |  |  |  | TRUSTED_NAME_ALIGNED | 1 | PROVISIONAL_CLASS_III_CANDIDATE | Rio Grande do Sul (TJRS) | SP | SAO PAULO | Transporte aéreo de"
UNIONLOG TRANSPORTES LTDA,20919807000130,,26280.65,,"https://scalzilliaj.com.br/sgc/download.php?file=files/processo_documento/processo_documento15513401112022_1_.pdf\&nome=15%20-%20Edital%20do%20art.%207%C2%BA,%20%C2%A72%C2%BA%20(segunda%20lista%20de%20credores)%20e%20do%20art.%2053%20da%20Lei%2011.101/2005%20(recebimento%20do%20plano)","UNIONLOG TRANSPORTES LTDA |  |  |  |  |  | 20919807000130 | ATIVA | Vector Indústria de Produtos Metalúrgicos Ltda. (Arke) |  | III - QUIROGRAFÁRIO | R$ 26,280.65 |  |  |  | TRUSTED_NAME_ALIGNED | 1 | PROVISIONAL_CLASS_III_CANDIDATE | Rio Grande do Sul (TJRS) | RS | BENTO GONCALVES | Transporte rodo"
"D'MARI - LOCACAO, TRANSPORTES E LOGISTICA LTDA",11970436000120,0008526-45.2025.8.17.2001,25714.19,,https://diligence.adm.br/wp-content/uploads/2025/06/Edital-1a-Lista-de-Credores.pdf,"D'MARI - LOCACAO, TRANSPORTES E LOGISTICA LTDA |  |  |  |  |  | 11970436000120 | ATIVA | ARRUDA & MELO REPRESENTACAO DE ALIMENTOS E BEBIDAS LTDA | 0008526-45.2025.8.17.2001 | III - QUIROGRAFÁRIO | R$ 25,714.19 |  |  |  | TRUSTED_NAME_ALIGNED | 0.754 | PROVISIONAL_CLASS_III_CANDIDATE | Pernambuco (TJ"
ALUVID - INDUSTRIA E COMERCIO DE ALUMINIO E VIDROS LTDA,13158783000188,0800778-16.2023.8.20.5104,25178.72,,http://recuperacaojudicial.squarespace.com/s/LISTA-DE-CREDORES-CONSOLIDADA-ATE-04102024.pdf,"ALUVID - INDUSTRIA E COMERCIO DE ALUMINIO E VIDROS LTDA |  |  |  |  |  | 13158783000188 | ATIVA | IMPLASVERDE INDUSTRIA DE PLASTICOS BAIXAVERDE LTDA | 0800778-16.2023.8.20.5104 | III - QUIROGRAFÁRIO | R$ 25,178.72 |  |  |  | TRUSTED_NAME_ALIGNED | 0.769 | PROVISIONAL_CLASS_III_CANDIDATE | Rio Grande"
TRANSPORTES CRISTOFOLI LTDA,88670104000154,,22603.62,,"https://scalzilliaj.com.br/sgc/download.php?file=files/processo_documento/processo_documento15513401112022_1_.pdf\&nome=15%20-%20Edital%20do%20art.%207%C2%BA,%20%C2%A72%C2%BA%20(segunda%20lista%20de%20credores)%20e%20do%20art.%2053%20da%20Lei%2011.101/2005%20(recebimento%20do%20plano)","TRANSPORTES CRISTOFOLI LTDA |  |  |  |  |  | 88670104000154 | ATIVA | Vector Indústria de Produtos Metalúrgicos Ltda. (Arke) |  | III - QUIROGRAFÁRIO | R$ 22,603.62 |  |  |  | TRUSTED_NAME_ALIGNED | 1 | PROVISIONAL_CLASS_III_CANDIDATE | Rio Grande do Sul (TJRS) | RS | GARIBALDI | Transporte rodoviár"
IBOPE REPUCOM PESQUISAS ESPORTIVAS LTDA.,04618228000109,0820780-23.2026.8.14.0301,22145.10,,https://cdn.dol.com.br/img/attachmentinline/940000/6publicacao-2-edital-art-7-parag-2-da-lei-11101-20009467060.pdf?xid=3272528,"IBOPE REPUCOM PESQUISAS ESPORTIVAS LTDA. |  |  |  |  |  | 04618228000109 | ATIVA | PAYSANDU SPORT CLUB | 0820780-23.2026.8.14.0301 | III - QUIROGRAFÁRIO | R$ 22,145.10 |  |  |  | TRUSTED_NAME_ALIGNED | 0.786 | PROVISIONAL_CLASS_III_CANDIDATE | Pará (TJPA) | SP | SAO PAULO | Pesquisas de mercado e de"
SERVICO SOCIAL DA INDUSTRIA DA CONSTRUCAO C DE MANAUS,63692321000114,0532018-89.2024.8.04.0001,20755.62,,https://ajud-mm.s3.amazonaws.com/arquivos/9736_67100457ccb7a.pdf,"SERVICO SOCIAL DA INDUSTRIA DA CONSTRUCAO C DE MANAUS |  |  |  |  |  | 63692321000114 | ATIVA | RD Engenharia Ltda e outros | 0532018-89.2024.8.04.0001 | III - QUIROGRAFÁRIO | R$ 20,755.62 |  |  |  | TRUSTED_NAME_ALIGNED | 0.592 | PROVISIONAL_CLASS_III_CANDIDATE | Amazonas (TJAM) | AM | MANAUS | Ati"
SERASA S.A.,62173620009306,,20283.11,,"https://scalzilliaj.com.br/sgc/download.php?file=files/processo_documento/processo_documento15513401112022_1_.pdf\&nome=15%20-%20Edital%20do%20art.%207%C2%BA,%20%C2%A72%C2%BA%20(segunda%20lista%20de%20credores)%20e%20do%20art.%2053%20da%20Lei%2011.101/2005%20(recebimento%20do%20plano)","SERASA S.A. |  |  |  |  |  | 62173620009306 | ATIVA | Vector Indústria de Produtos Metalúrgicos Ltda. (Arke) |  | III - QUIROGRAFÁRIO | R$ 20,283.11 |  |  |  | TRUSTED_NAME_ALIGNED | 1 | PROVISIONAL_CLASS_III_CANDIDATE | Rio Grande do Sul (TJRS) | SP | SAO CARLOS | Atividades de consultoria em gestã"
GRECCHI ADVOGADOS ASSOCIADOS,06119227000137,,20000.00,,"https://scalzilliaj.com.br/sgc/download.php?file=files/processo_documento/processo_documento15513401112022_1_.pdf\&nome=15%20-%20Edital%20do%20art.%207%C2%BA,%20%C2%A72%C2%BA%20(segunda%20lista%20de%20credores)%20e%20do%20art.%2053%20da%20Lei%2011.101/2005%20(recebimento%20do%20plano)","GRECCHI ADVOGADOS ASSOCIADOS |  |  |  |  |  | 06119227000137 | ATIVA | Vector Indústria de Produtos Metalúrgicos Ltda. (Arke) |  | III - QUIROGRAFÁRIO | R$ 20,000.00 |  |  |  | TRUSTED_NAME_ALIGNED | 0.833 | PROVISIONAL_CLASS_III_CANDIDATE | Rio Grande do Sul (TJRS) | RS | ESTEIO | Serviços advocatí"
DANIEL ARRUDA ARQUITETOS SS LTDA,13384111000190,0532018-89.2024.8.04.0001,18750.00,,https://ajud-mm.s3.amazonaws.com/arquivos/9736_67100457ccb7a.pdf,"DANIEL ARRUDA ARQUITETOS SS LTDA |  |  |  |  |  | 13384111000190 | ATIVA | RD Engenharia Ltda e outros | 0532018-89.2024.8.04.0001 | III - QUIROGRAFÁRIO | R$ 18,750.00 |  |  |  | TRUSTED_NAME_ALIGNED | 0.65 | PROVISIONAL_CLASS_III_CANDIDATE | Amazonas (TJAM) | CE | FORTALEZA | Serviços de arquitetur"
SKA AUTOMACAO DE ENGENHARIAS LTDA,81329823000167,,17678.32,,"https://scalzilliaj.com.br/sgc/download.php?file=files/processo_documento/processo_documento15513401112022_1_.pdf\&nome=15%20-%20Edital%20do%20art.%207%C2%BA,%20%C2%A72%C2%BA%20(segunda%20lista%20de%20credores)%20e%20do%20art.%2053%20da%20Lei%2011.101/2005%20(recebimento%20do%20plano)","SKA AUTOMACAO DE ENGENHARIAS LTDA |  |  |  |  |  | 81329823000167 | ATIVA | Vector Indústria de Produtos Metalúrgicos Ltda. (Arke) |  | III - QUIROGRAFÁRIO | R$ 17,678.32 |  |  |  | TRUSTED_NAME_ALIGNED | 0.831 | PROVISIONAL_CLASS_III_CANDIDATE | Rio Grande do Sul (TJRS) | RS | SAO LEOPOLDO | Desenv"
POLYBRAS - POLIMEROS BRASILEIROS LTDA,17799898000102,0800778-16.2023.8.20.5104,17457.66,,http://recuperacaojudicial.squarespace.com/s/LISTA-DE-CREDORES-CONSOLIDADA-ATE-04102024.pdf,"POLYBRAS - POLIMEROS BRASILEIROS LTDA |  |  |  |  |  | 17799898000102 | ATIVA | IMPLASVERDE INDUSTRIA DE PLASTICOS BAIXAVERDE LTDA | 0800778-16.2023.8.20.5104 | III - QUIROGRAFÁRIO | R$ 17,457.66 |  |  |  | TRUSTED_NAME_ALIGNED | 1 | PROVISIONAL_CLASS_III_CANDIDATE | Rio Grande do Norte (TJRN) | RN "
DELL COMPUTADORES DO BRASIL LTDA,72381189001001,0532018-89.2024.8.04.0001,17118.62,,https://ajud-mm.s3.amazonaws.com/arquivos/9736_67100457ccb7a.pdf,"DELL COMPUTADORES DO BRASIL LTDA |  |  |  |  |  | 72381189001001 | ATIVA | RD Engenharia Ltda e outros | 0532018-89.2024.8.04.0001 | III - QUIROGRAFÁRIO | R$ 17,118.62 |  |  |  | TRUSTED_NAME_ALIGNED | 0.844 | PROVISIONAL_CLASS_III_CANDIDATE | Amazonas (TJAM) | SP | HORTOLANDIA | Comércio atacadista"
WIRECARD BRAZIL TECNOLOGIA LTDA,08718431000108,,16692.20,,"https://scalzilliaj.com.br/sgc/download.php?file=files/processo_documento/processo_documento15513401112022_1_.pdf\&nome=15%20-%20Edital%20do%20art.%207%C2%BA,%20%C2%A72%C2%BA%20(segunda%20lista%20de%20credores)%20e%20do%20art.%2053%20da%20Lei%2011.101/2005%20(recebimento%20do%20plano)","WIRECARD BRAZIL TECNOLOGIA LTDA |  |  |  |  |  | 08718431000108 | ATIVA | Vector Indústria de Produtos Metalúrgicos Ltda. (Arke) |  | III - QUIROGRAFÁRIO | R$ 16,692.20 |  |  |  | TRUSTED_NAME_ALIGNED | 0.56 | PROVISIONAL_CLASS_III_CANDIDATE | Rio Grande do Sul (TJRS) | SP | SAO PAULO | Atividades d"
AVALARA BRASIL - ASSESSORIA E CONSULTORIA TRIBUTARIA E TECNOLOGICA LTDA,24918171000162,0008526-45.2025.8.17.2001,16537.50,,https://diligence.adm.br/wp-content/uploads/2025/06/Edital-1a-Lista-de-Credores.pdf,"AVALARA BRASIL - ASSESSORIA E CONSULTORIA TRIBUTARIA E TECNOLOGICA LTDA |  |  |  |  |  | 24918171000162 | ATIVA | ARRUDA & MELO REPRESENTACAO DE ALIMENTOS E BEBIDAS LTDA | 0008526-45.2025.8.17.2001 | III - QUIROGRAFÁRIO | R$ 16,537.50 |  |  |  | TRUSTED_NAME_ALIGNED | 0.72 | PROVISIONAL_CLASS_III_CA"
TINTAS IQUINE LTDA.,09722463000131,0800778-16.2023.8.20.5104,16320.88,,http://recuperacaojudicial.squarespace.com/s/LISTA-DE-CREDORES-CONSOLIDADA-ATE-04102024.pdf,"TINTAS IQUINE LTDA. |  |  |  |  |  | 09722463000131 | ATIVA | IMPLASVERDE INDUSTRIA DE PLASTICOS BAIXAVERDE LTDA | 0800778-16.2023.8.20.5104 | III - QUIROGRAFÁRIO | R$ 16,320.88 |  |  |  | TRUSTED_NAME_ALIGNED | 1 | PROVISIONAL_CLASS_III_CANDIDATE | Rio Grande do Norte (TJRN) | PE | JABOATAO DOS GUA"
NOVA TRIGO RESINAS TERMOPLASTICAS LTDA.,07094272000147,,16275.00,,"https://scalzilliaj.com.br/sgc/download.php?file=files/processo_documento/processo_documento15513401112022_1_.pdf\&nome=15%20-%20Edital%20do%20art.%207%C2%BA,%20%C2%A72%C2%BA%20(segunda%20lista%20de%20credores)%20e%20do%20art.%2053%20da%20Lei%2011.101/2005%20(recebimento%20do%20plano)","NOVA TRIGO RESINAS TERMOPLASTICAS LTDA. |  |  |  |  |  | 07094272000147 | ATIVA | Vector Indústria de Produtos Metalúrgicos Ltda. (Arke) |  | III - QUIROGRAFÁRIO | R$ 16,275.00 |  |  |  | TRUSTED_NAME_ALIGNED | 0.764 | PROVISIONAL_CLASS_III_CANDIDATE | Rio Grande do Sul (TJRS) | SP | SAO BERNARDO DO"
BRASIL QUIMICA E MINERACAO INDUSTRIAL LTDA,24373276000183,0800778-16.2023.8.20.5104,13973.50,,http://recuperacaojudicial.squarespace.com/s/LISTA-DE-CREDORES-CONSOLIDADA-ATE-04102024.pdf,"BRASIL QUIMICA E MINERACAO INDUSTRIAL LTDA |  |  |  |  |  | 24373276000183 | ATIVA | IMPLASVERDE INDUSTRIA DE PLASTICOS BAIXAVERDE LTDA | 0800778-16.2023.8.20.5104 | III - QUIROGRAFÁRIO | R$ 13,973.50 |  |  |  | TRUSTED_NAME_ALIGNED | 0.912 | PROVISIONAL_CLASS_III_CANDIDATE | Rio Grande do Norte (TJ"
MARTINELLI ADVOCACIA EMPRESARIAL,01650515000108,,12843.96,,https://administradorajudicialgs.com.br/wp-content/uploads/2023/08/edital-quadro-geral-de-credores.pdf,"MARTINELLI ADVOCACIA EMPRESARIAL |  |  |  |  |  | 01650515000108 | ATIVA | Unknown Debtor |  | III - QUIROGRAFÁRIO | R$ 12,843.96 |  |  |  | TRUSTED_NAME_ALIGNED | 0.865 | PROVISIONAL_CLASS_III_CANDIDATE | Santa Catarina (TJSC) | SC | JOINVILLE | Serviços advocatícios | Sociedade Simples Pura | 4721"
CERAMICA SERRA AZUL LTDA,07378783000190,0800778-16.2023.8.20.5104,12517.38,,http://recuperacaojudicial.squarespace.com/s/LISTA-DE-CREDORES-CONSOLIDADA-ATE-04102024.pdf,"CERAMICA SERRA AZUL LTDA |  |  |  |  |  | 07378783000190 | ATIVA | IMPLASVERDE INDUSTRIA DE PLASTICOS BAIXAVERDE LTDA | 0800778-16.2023.8.20.5104 | III - QUIROGRAFÁRIO | R$ 12,517.38 |  |  |  | TRUSTED_NAME_ALIGNED | 1 | PROVISIONAL_CLASS_III_CANDIDATE | Rio Grande do Norte (TJRN) | SE | NOSSA SENHO"
CONDOMINIO INDUSTRIAL DO RIBEIRAO,05646097000128,8005129-09.2023.8.05.0039,12317.46,,https://assistjud.com.br/wp-content/uploads/elementor/forms/65098c80a5824.pdf,"CONDOMINIO INDUSTRIAL DO RIBEIRAO |  |  |  |  |  | 05646097000128 | ATIVA | Conduscabos Brasil Indústria Comércio de Condutores Elétricos LTDA. | 8005129-09.2023.8.05.0039 | III - QUIROGRAFÁRIO | R$ 12,317.46 |  |  |  | TRUSTED_NAME_ALIGNED | 0.623 | PROVISIONAL_CLASS_III_CANDIDATE | Bahia (TJBA) | "
CLARO S.A.,40432544000147,0652260-87.2018.8.04.0001,12152.61,,https://ajbrajalveiga.com.br/processos/download/grupo-galo/4%20-%20Edital.pdf,"CLARO S.A. |  |  |  |  |  | 40432544000147 | ATIVA | Galo da Serra Navegação Fluvial e Logística Ltda e outros | 0652260-87.2018.8.04.0001 | III - QUIROGRAFÁRIO | R$ 12,152.61 |  |  |  | TRUSTED_NAME_ALIGNED | 0.714 | PROVISIONAL_CLASS_III_CANDIDATE | Amazonas (TJAM) | SP | SAO PAULO | Telefonia móv"
CASA DO ELETRICISTA LTDA,04415154000103,0652260-87.2018.8.04.0001,12152.61,,https://ajbrajalveiga.com.br/processos/download/grupo-galo/4%20-%20Edital.pdf,"CASA DO ELETRICISTA LTDA |  |  |  |  |  | 04415154000103 | ATIVA | Galo da Serra Navegação Fluvial e Logística Ltda e outros | 0652260-87.2018.8.04.0001 | III - QUIROGRAFÁRIO | R$ 12,152.61 |  |  |  | TRUSTED_NAME_ALIGNED | 1 | PROVISIONAL_CLASS_III_CANDIDATE | Amazonas (TJAM) | AM | MANAUS | Comérc"
MACROPECAS COMERCIAL LTDA,10179869000107,0652260-87.2018.8.04.0001,11986.75,,https://ajbrajalveiga.com.br/processos/download/grupo-galo/4%20-%20Edital.pdf,"MACROPECAS COMERCIAL LTDA |  |  |  |  |  | 10179869000107 | ATIVA | Galo da Serra Navegação Fluvial e Logística Ltda e outros | 0652260-87.2018.8.04.0001 | III - QUIROGRAFÁRIO | R$ 11,986.75 |  |  |  | TRUSTED_NAME_ALIGNED | 0.571 | PROVISIONAL_CLASS_III_CANDIDATE | Amazonas (TJAM) | AM | MANAUS | C"
GEOFUSION SISTEMAS E SERVICOS DE INFORMATICA LTDA,10502273000198,0532018-89.2024.8.04.0001,10785.17,,https://ajud-mm.s3.amazonaws.com/arquivos/9736_67100457ccb7a.pdf,"GEOFUSION SISTEMAS E SERVICOS DE INFORMATICA LTDA |  |  |  |  |  | 10502273000198 | ATIVA | RD Engenharia Ltda e outros | 0532018-89.2024.8.04.0001 | III - QUIROGRAFÁRIO | R$ 10,785.17 |  |  |  | TRUSTED_NAME_ALIGNED | 0.687 | PROVISIONAL_CLASS_III_CANDIDATE | Amazonas (TJAM) | SP | SAO PAULO | Dese"
CONDOMINIO LEVE-CASTANHEIRA RESIDENCIAL PARK,30686394000144,0532018-89.2024.8.04.0001,10707.09,,https://ajud-mm.s3.amazonaws.com/arquivos/9736_67100457ccb7a.pdf,"CONDOMINIO LEVE-CASTANHEIRA RESIDENCIAL PARK |  |  |  |  |  | 30686394000144 | ATIVA | RD Engenharia Ltda e outros | 0532018-89.2024.8.04.0001 | III - QUIROGRAFÁRIO | R$ 10,707.09 |  |  |  | TRUSTED_NAME_ALIGNED | 0.907 | PROVISIONAL_CLASS_III_CANDIDATE | Amazonas (TJAM) | AM | MANAUS | Condomínios "
RESIDENCIAL PREDILETTO PARQUE DEZ,43916601000151,0532018-89.2024.8.04.0001,10222.25,,https://ajud-mm.s3.amazonaws.com/arquivos/9736_67100457ccb7a.pdf,"RESIDENCIAL PREDILETTO PARQUE DEZ |  |  |  |  |  | 43916601000151 | ATIVA | RD Engenharia Ltda e outros | 0532018-89.2024.8.04.0001 | III - QUIROGRAFÁRIO | R$ 10,222.25 |  |  |  | TRUSTED_NAME_ALIGNED | 0.725 | PROVISIONAL_CLASS_III_CANDIDATE | Amazonas (TJAM) | AM | MANAUS | Condomínios prediais | "
MUDANCAS SAMUCA LTDA,04559137000131,,9900.00,,https://administradorajudicialgs.com.br/wp-content/uploads/2023/08/edital-quadro-geral-de-credores.pdf,"MUDANCAS SAMUCA LTDA |  |  |  |  |  | 04559137000131 | ATIVA | Unknown Debtor |  | III - QUIROGRAFÁRIO | R$ 9,900.00 |  |  |  | TRUSTED_NAME_ALIGNED | 0.571 | PROVISIONAL_CLASS_III_CANDIDATE | Santa Catarina (TJSC) | SC | BLUMENAU | Transporte rodoviário de mudanças | Sociedade Empresária Limitada |"
RECOM ETIQUETAS E EMBALAGENS LTDA,53797932000173,8005129-09.2023.8.05.0039,9764.48,,https://assistjud.com.br/wp-content/uploads/elementor/forms/65098c80a5824.pdf,"RECOM ETIQUETAS E EMBALAGENS LTDA |  |  |  |  |  | 53797932000173 | ATIVA | Conduscabos Brasil Indústria Comércio de Condutores Elétricos LTDA. | 8005129-09.2023.8.05.0039 | III - QUIROGRAFÁRIO | R$ 9,764.48 |  |  |  | TRUSTED_NAME_ALIGNED | 0.655 | PROVISIONAL_CLASS_III_CANDIDATE | Bahia (TJBA) | S"
TRANSPORTES MOBILINE LTDA,03341775000119,,9698.61,,"https://scalzilliaj.com.br/sgc/download.php?file=files/processo_documento/processo_documento15513401112022_1_.pdf\&nome=15%20-%20Edital%20do%20art.%207%C2%BA,%20%C2%A72%C2%BA%20(segunda%20lista%20de%20credores)%20e%20do%20art.%2053%20da%20Lei%2011.101/2005%20(recebimento%20do%20plano)","TRANSPORTES MOBILINE LTDA |  |  |  |  |  | 03341775000119 | ATIVA | Vector Indústria de Produtos Metalúrgicos Ltda. (Arke) |  | III - QUIROGRAFÁRIO | R$ 9,698.61 |  |  |  | TRUSTED_NAME_ALIGNED | 1 | PROVISIONAL_CLASS_III_CANDIDATE | Rio Grande do Sul (TJRS) | RS | FARROUPILHA | Transporte rodoviári"
LOCALIZA FLEET S.A.,02286479000108,8005129-09.2023.8.05.0039,9529.60,,https://assistjud.com.br/wp-content/uploads/elementor/forms/65098c80a5824.pdf,"LOCALIZA FLEET S.A. |  |  |  |  |  | 02286479000108 | ATIVA | Conduscabos Brasil Indústria Comércio de Condutores Elétricos LTDA. | 8005129-09.2023.8.05.0039 | III - QUIROGRAFÁRIO | R$ 9,529.60 |  |  |  | TRUSTED_NAME_ALIGNED | 0.596 | PROVISIONAL_CLASS_III_CANDIDATE | Bahia (TJBA) | MG | BELO HORIZ"
AIR LIQUIDE BRASIL LTDA,00331788005420,,9171.65,,"https://scalzilliaj.com.br/sgc/download.php?file=files/processo_documento/processo_documento15513401112022_1_.pdf\&nome=15%20-%20Edital%20do%20art.%207%C2%BA,%20%C2%A72%C2%BA%20(segunda%20lista%20de%20credores)%20e%20do%20art.%2053%20da%20Lei%2011.101/2005%20(recebimento%20do%20plano)","AIR LIQUIDE BRASIL LTDA |  |  |  |  |  | 00331788005420 | ATIVA | Vector Indústria de Produtos Metalúrgicos Ltda. (Arke) |  | III - QUIROGRAFÁRIO | R$ 9,171.65 |  |  |  | TRUSTED_NAME_ALIGNED | 0.783 | PROVISIONAL_CLASS_III_CANDIDATE | Rio Grande do Sul (TJRS) | RS | CAXIAS DO SUL | Comércio atacadi"
ATUAL CARGAS TRANSPORTES LTDA,08848231001133,,8912.48,,https://administradorajudicialgs.com.br/wp-content/uploads/2023/08/edital-quadro-geral-de-credores.pdf,"ATUAL CARGAS TRANSPORTES LTDA |  |  |  |  |  | 08848231001133 | ATIVA | Unknown Debtor |  | III - QUIROGRAFÁRIO | R$ 8,912.48 |  |  |  | TRUSTED_NAME_ALIGNED | 0.629 | PROVISIONAL_CLASS_III_CANDIDATE | Santa Catarina (TJSC) | SC | BLUMENAU | Transporte rodoviário de carga, exceto produtos perigosos "
FRANCIMAR REPRESENTACOES LTDA,76823467000284,,8471.35,,https://administradorajudicialgs.com.br/wp-content/uploads/2023/08/edital-quadro-geral-de-credores.pdf,"FRANCIMAR REPRESENTACOES LTDA |  |  |  |  |  | 76823467000284 | ATIVA | Unknown Debtor |  | III - QUIROGRAFÁRIO | R$ 8,471.35 |  |  |  | TRUSTED_NAME_ALIGNED | 0.737 | PROVISIONAL_CLASS_III_CANDIDATE | Santa Catarina (TJSC) | PR | CURITIBA | Comércio varejista de ferragens e ferramentas | Sociedade "
SERRA BRASIL TRANSPORTES LTDA,15334893000189,,8329.34,,"https://scalzilliaj.com.br/sgc/download.php?file=files/processo_documento/processo_documento15513401112022_1_.pdf\&nome=15%20-%20Edital%20do%20art.%207%C2%BA,%20%C2%A72%C2%BA%20(segunda%20lista%20de%20credores)%20e%20do%20art.%2053%20da%20Lei%2011.101/2005%20(recebimento%20do%20plano)","SERRA BRASIL TRANSPORTES LTDA |  |  |  |  |  | 15334893000189 | ATIVA | Vector Indústria de Produtos Metalúrgicos Ltda. (Arke) |  | III - QUIROGRAFÁRIO | R$ 8,329.34 |  |  |  | TRUSTED_NAME_ALIGNED | 0.629 | PROVISIONAL_CLASS_III_CANDIDATE | Rio Grande do Sul (TJRS) | RS | FARROUPILHA | Transporte r"
GOUVEA & CAMPANA LTDA,11949543000176,,7772.00,,https://administradorajudicialgs.com.br/wp-content/uploads/2023/08/edital-quadro-geral-de-credores.pdf,"GOUVEA & CAMPANA LTDA |  |  |  |  |  | 11949543000176 | ATIVA | Unknown Debtor |  | III - QUIROGRAFÁRIO | R$ 7,772.00 |  |  |  | TRUSTED_NAME_ALIGNED | 0.667 | PROVISIONAL_CLASS_III_CANDIDATE | Santa Catarina (TJSC) | PR | LONDRINA | Restaurantes e similares | Sociedade Empresária Limitada | 4330268"
TELEFONICA CLOUD E TECNOLOGIA DO BRASIL S.A.,35473014000107,0804401-51.2025.8.14.0039,7694.61,,https://lrflideres.com.br/wp-content/plugins/download-attachments/includes/download.php?id=6879,"TELEFONICA CLOUD E TECNOLOGIA DO BRASIL S.A. |  |  |  |  |  | 35473014000107 | ATIVA | SOJAL COMERCIAL AGRICOLA LTDA e outros | 0804401-51.2025.8.14.0039 | III - QUIROGRAFÁRIO | R$ 7,694.61 |  |  |  | TRUSTED_NAME_ALIGNED | 0.951 | PROVISIONAL_CLASS_III_CANDIDATE | Pará (TJPA) | SP | SANTANA DE PARN"
ACO CEARENSE COMERCIAL LTDA,07557333001056,0800778-16.2023.8.20.5104,7605.90,,http://recuperacaojudicial.squarespace.com/s/LISTA-DE-CREDORES-CONSOLIDADA-ATE-04102024.pdf,"ACO CEARENSE COMERCIAL LTDA |  |  |  |  |  | 07557333001056 | ATIVA | IMPLASVERDE INDUSTRIA DE PLASTICOS BAIXAVERDE LTDA | 0800778-16.2023.8.20.5104 | III - QUIROGRAFÁRIO | R$ 7,605.90 |  |  |  | TRUSTED_NAME_ALIGNED | 1 | PROVISIONAL_CLASS_III_CANDIDATE | Rio Grande do Norte (TJRN) | CE | CAUCAIA |"
GPBR PARTICIPACOES LTDA.,15664649000184,0008526-45.2025.8.17.2001,7338.93,,https://diligence.adm.br/wp-content/uploads/2025/06/Edital-1a-Lista-de-Credores.pdf,"GPBR PARTICIPACOES LTDA. |  |  |  |  |  | 15664649000184 | ATIVA | ARRUDA & MELO REPRESENTACAO DE ALIMENTOS E BEBIDAS LTDA | 0008526-45.2025.8.17.2001 | III - QUIROGRAFÁRIO | R$ 7,338.93 |  |  |  | TRUSTED_NAME_ALIGNED | 0.839 | PROVISIONAL_CLASS_III_CANDIDATE | Pernambuco (TJPE) | SP | SAO PAULO | "
TRANSPORTES RODOVIA SUL LTDA,90863325000190,,6981.59,,"https://scalzilliaj.com.br/sgc/download.php?file=files/processo_documento/processo_documento15513401112022_1_.pdf\&nome=15%20-%20Edital%20do%20art.%207%C2%BA,%20%C2%A72%C2%BA%20(segunda%20lista%20de%20credores)%20e%20do%20art.%2053%20da%20Lei%2011.101/2005%20(recebimento%20do%20plano)","TRANSPORTES RODOVIA SUL LTDA |  |  |  |  |  | 90863325000190 | ATIVA | Vector Indústria de Produtos Metalúrgicos Ltda. (Arke) |  | III - QUIROGRAFÁRIO | R$ 6,981.59 |  |  |  | TRUSTED_NAME_ALIGNED | 1 | PROVISIONAL_CLASS_III_CANDIDATE | Rio Grande do Sul (TJRS) | RS | SANTA ROSA | Transporte rodoviá"
PLANAC I. T. - COMERCIO DIGITAL LTDA,05592445000121,0532018-89.2024.8.04.0001,6971.81,,https://ajud-mm.s3.amazonaws.com/arquivos/9736_67100457ccb7a.pdf,"PLANAC I. T. - COMERCIO DIGITAL LTDA |  |  |  |  |  | 05592445000121 | ATIVA | RD Engenharia Ltda e outros | 0532018-89.2024.8.04.0001 | III - QUIROGRAFÁRIO | R$ 6,971.81 |  |  |  | TRUSTED_NAME_ALIGNED | 0.844 | PROVISIONAL_CLASS_III_CANDIDATE | Amazonas (TJAM) | SP | COTIA | Comércio atacadista de"
BAKOF PLASTICOS LTDA EM RECUPERACAO JUDICIAL,91967067000317,0800778-16.2023.8.20.5104,6483.00,,http://recuperacaojudicial.squarespace.com/s/LISTA-DE-CREDORES-CONSOLIDADA-ATE-04102024.pdf,"BAKOF PLASTICOS LTDA EM RECUPERACAO JUDICIAL |  |  |  |  |  | 91967067000317 | ATIVA | IMPLASVERDE INDUSTRIA DE PLASTICOS BAIXAVERDE LTDA | 0800778-16.2023.8.20.5104 | III - QUIROGRAFÁRIO | R$ 6,483.00 |  |  |  | TRUSTED_NAME_ALIGNED | 0.556 | PROVISIONAL_CLASS_III_CANDIDATE | Rio Grande do Norte (T"
NANO EMBALAGENS LTDA,04577829000102,,5589.04,,https://administradorajudicialgs.com.br/wp-content/uploads/2023/08/edital-quadro-geral-de-credores.pdf,"NANO EMBALAGENS LTDA |  |  |  |  |  | 04577829000102 | ATIVA | Unknown Debtor |  | III - QUIROGRAFÁRIO | R$ 5,589.04 |  |  |  | TRUSTED_NAME_ALIGNED | 0.811 | PROVISIONAL_CLASS_III_CANDIDATE | Santa Catarina (TJSC) | SC | BLUMENAU | Comércio atacadista de artigos de escritório e de papelaria | Socie"
DECORACAO CASA 4 COMERCIO DE MOVEIS LTDA.,16604239000100,,5038.28,,https://administradorajudicialgs.com.br/wp-content/uploads/2023/08/edital-quadro-geral-de-credores.pdf,"DECORACAO CASA 4 COMERCIO DE MOVEIS LTDA. |  |  |  |  |  | 16604239000100 | ATIVA | Unknown Debtor |  | III - QUIROGRAFÁRIO | R$ 5,038.28 |  |  |  | TRUSTED_NAME_ALIGNED | 0.886 | PROVISIONAL_CLASS_III_CANDIDATE | Santa Catarina (TJSC) | SP | SAO PAULO | Comércio varejista de móveis | Sociedade Empr"
ALUSUPRA ALUMINIO LTDA,08329905000111,,5024.32,,https://administradorajudicialgs.com.br/wp-content/uploads/2023/08/edital-quadro-geral-de-credores.pdf,"ALUSUPRA ALUMINIO LTDA |  |  |  |  |  | 08329905000111 | ATIVA | Unknown Debtor |  | III - QUIROGRAFÁRIO | R$ 5,024.32 |  |  |  | TRUSTED_NAME_ALIGNED | 0.829 | PROVISIONAL_CLASS_III_CANDIDATE | Santa Catarina (TJSC) | SC | BLUMENAU | Comércio varejista de ferragens e ferramentas | Sociedade Empresá"
CL SUL TRANSPORTES LTDA,08025373000390,8005129-09.2023.8.05.0039,4900.00,,https://assistjud.com.br/wp-content/uploads/elementor/forms/65098c80a5824.pdf,"CL SUL TRANSPORTES LTDA |  |  |  |  |  | 08025373000390 | ATIVA | Conduscabos Brasil Indústria Comércio de Condutores Elétricos LTDA. | 8005129-09.2023.8.05.0039 | III - QUIROGRAFÁRIO | R$ 4,900.00 |  |  |  | TRUSTED_NAME_ALIGNED | 0.8 | PROVISIONAL_CLASS_III_CANDIDATE | Bahia (TJBA) | SP | SAO PAUL"
DISMAFER DISTRIBUIDORA DE MAQUINAS E FERRAMENTAS LTDA,04112126000109,,4783.10,,https://administradorajudicialgs.com.br/wp-content/uploads/2023/08/edital-quadro-geral-de-credores.pdf,"DISMAFER DISTRIBUIDORA DE MAQUINAS E FERRAMENTAS LTDA |  |  |  |  |  | 04112126000109 | ATIVA | Unknown Debtor |  | III - QUIROGRAFÁRIO | R$ 4,783.10 |  |  |  | TRUSTED_NAME_ALIGNED | 0.719 | PROVISIONAL_CLASS_III_CANDIDATE | Santa Catarina (TJSC) | SC | CHAPECO | Preparação de documentos e serviços"
BUSARELLO COMERCIO ATACADISTA DE EMBALAGENS LTDA,09037969000101,,4717.50,,https://administradorajudicialgs.com.br/wp-content/uploads/2023/08/edital-quadro-geral-de-credores.pdf,"BUSARELLO COMERCIO ATACADISTA DE EMBALAGENS LTDA |  |  |  |  |  | 09037969000101 | ATIVA | Unknown Debtor |  | III - QUIROGRAFÁRIO | R$ 4,717.50 |  |  |  | TRUSTED_NAME_ALIGNED | 0.78 | PROVISIONAL_CLASS_III_CANDIDATE | Santa Catarina (TJSC) | SC | BLUMENAU | Comércio atacadista de embalagens | Soci"
NEOGRID INFORMATICA LTDA,05794609000101,0008526-45.2025.8.17.2001,4699.29,,https://diligence.adm.br/wp-content/uploads/2025/06/Edital-1a-Lista-de-Credores.pdf,"NEOGRID INFORMATICA LTDA |  |  |  |  |  | 05794609000101 | ATIVA | ARRUDA & MELO REPRESENTACAO DE ALIMENTOS E BEBIDAS LTDA | 0008526-45.2025.8.17.2001 | III - QUIROGRAFÁRIO | R$ 4,699.29 |  |  |  | TRUSTED_NAME_ALIGNED | 0.733 | PROVISIONAL_CLASS_III_CANDIDATE | Pernambuco (TJPE) | SC | JOINVILLE | "
CROPFERT INDUSTRIA DE FERTILIZANTES E AGROQUIMICOS LTDA,18373437000136,0804401-51.2025.8.14.0039,467392.00,18373437000136,https://lrflideres.com.br/wp-content/plugins/download-attachments/includes/download.php?id=6879,"CROPFERT INDUSTRIA DE FERTILIZANTES E AGROQUIMICOS LTDA | 18373437000136 | ATIVA | SOJAL COMERCIAL AGRICOLA LTDA e outros | 0804401-51.2025.8.14.0039 | III - QUIROGRAFÁRIO | R$ 467,392.00 | TRUSTED_NAME_ALIGNED | 0.765 | PROVISIONAL_CLASS_III_CANDIDATE | Pará (TJPA) | PR | JANDAIA DO SUL | Fabricaçã"
FRETEFY TECNOLOGIA S.A.,32998118000147,0008526-45.2025.8.17.2001,4317.08,32998118000147,https://diligence.adm.br/wp-content/uploads/2025/06/Edital-1a-Lista-de-Credores.pdf,"FRETEFY TECNOLOGIA S.A. | 32998118000147 | ATIVA | ARRUDA & MELO REPRESENTACAO DE ALIMENTOS E BEBIDAS LTDA | 0008526-45.2025.8.17.2001 | III - QUIROGRAFÁRIO | R$ 4,317.08 | TRUSTED_NAME_ALIGNED | 0.778 | PROVISIONAL_CLASS_III_CANDIDATE | Pernambuco (TJPE) | PR | CURITIBA | Desenvolvimento de program"
COLLEONY PRODUTOS E SISTEMAS PARA HIGIENIZACAO LTDA,02200306000117,,4085.00,02200306000117,"https://scalzilliaj.com.br/sgc/download.php?file=files/processo_documento/processo_documento15513401112022_1_.pdf\&nome=15%20-%20Edital%20do%20art.%207%C2%BA,%20%C2%A72%C2%BA%20(segunda%20lista%20de%20credores)%20e%20do%20art.%2053%20da%20Lei%2011.101/2005%20(recebimento%20do%20plano)","COLLEONY PRODUTOS E SISTEMAS PARA HIGIENIZACAO LTDA | 02200306000117 | ATIVA | Vector Indústria de Produtos Metalúrgicos Ltda. (Arke) |  | III - QUIROGRAFÁRIO | R$ 4,085.00 | TRUSTED_NAME_ALIGNED | 0.757 | PROVISIONAL_CLASS_III_CANDIDATE | Rio Grande do Sul (TJRS) | RS | CAXIAS DO SUL | Comércio var"
COMERCIAL DE BORRACHAS FASISA LTDA,88827555000152,,3764.80,88827555000152,"https://scalzilliaj.com.br/sgc/download.php?file=files/processo_documento/processo_documento15513401112022_1_.pdf\&nome=15%20-%20Edital%20do%20art.%207%C2%BA,%20%C2%A72%C2%BA%20(segunda%20lista%20de%20credores)%20e%20do%20art.%2053%20da%20Lei%2011.101/2005%20(recebimento%20do%20plano)","COMERCIAL DE BORRACHAS FASISA LTDA | 88827555000152 | ATIVA | Vector Indústria de Produtos Metalúrgicos Ltda. (Arke) |  | III - QUIROGRAFÁRIO | R$ 3,764.80 | TRUSTED_NAME_ALIGNED | 0.866 | PROVISIONAL_CLASS_III_CANDIDATE | Rio Grande do Sul (TJRS) | RS | CAXIAS DO SUL | Comércio atacadista especiali"
METALURGICA SCHIOPPA LTDA,61174652000137,,3297.20,61174652000137,https://administradorajudicialgs.com.br/wp-content/uploads/2023/08/edital-quadro-geral-de-credores.pdf,"METALURGICA SCHIOPPA LTDA | 61174652000137 | ATIVA | Unknown Debtor |  | III - QUIROGRAFÁRIO | R$ 3,297.20 | TRUSTED_NAME_ALIGNED | 0.571 | PROVISIONAL_CLASS_III_CANDIDATE | Santa Catarina (TJSC) | SP | SAO PAULO | Fabricação de máquinas, equipamentos e aparelhos para transporte e elevação de cargas"
LEITZ FERRAMENTAS PARA MADEIRA LTDA,90815150000146,,3005.66,90815150000146,https://administradorajudicialgs.com.br/wp-content/uploads/2023/08/edital-quadro-geral-de-credores.pdf,"LEITZ FERRAMENTAS PARA MADEIRA LTDA | 90815150000146 | ATIVA | Unknown Debtor |  | III - QUIROGRAFÁRIO | R$ 3,005.66 | TRUSTED_NAME_ALIGNED | 0.822 | PROVISIONAL_CLASS_III_CANDIDATE | Santa Catarina (TJSC) | RS | SAO SEBASTIAO DO CAI | Fabricação de máquinas-ferramenta, peças e acessórios | Sociedad"
ID CARGO BRASIL LTDA,20306967000103,,2991.70,20306967000103,"https://scalzilliaj.com.br/sgc/download.php?file=files/processo_documento/processo_documento15513401112022_1_.pdf\&nome=15%20-%20Edital%20do%20art.%207%C2%BA,%20%C2%A72%C2%BA%20(segunda%20lista%20de%20credores)%20e%20do%20art.%2053%20da%20Lei%2011.101/2005%20(recebimento%20do%20plano)","ID CARGO BRASIL LTDA | 20306967000103 | ATIVA | Vector Indústria de Produtos Metalúrgicos Ltda. (Arke) |  | III - QUIROGRAFÁRIO | R$ 2,991.70 | TRUSTED_NAME_ALIGNED | 0.769 | PROVISIONAL_CLASS_III_CANDIDATE | Rio Grande do Sul (TJRS) | RS | NOVO HAMBURGO | Transporte rodoviário de carga, exceto prod"
INDUSTRIAS ESPLANADA LTDA,04534459000126,0652260-87.2018.8.04.0001,2945.00,04534459000126,https://ajbrajalveiga.com.br/processos/download/grupo-galo/4%20-%20Edital.pdf,"INDUSTRIAS ESPLANADA LTDA | 04534459000126 | ATIVA | Galo da Serra Navegação Fluvial e Logística Ltda e outros | 0652260-87.2018.8.04.0001 | III - QUIROGRAFÁRIO | R$ 2,945.00 | TRUSTED_NAME_ALIGNED | 0.585 | PROVISIONAL_CLASS_III_CANDIDATE | Amazonas (TJAM) | AM | MANAUS | Fabricação de estruturas m"
DOMINALOG EXPRESS LOGISTICA INTEGRADA LTDA,18247063000102,,2892.10,18247063000102,"https://scalzilliaj.com.br/sgc/download.php?file=files/processo_documento/processo_documento15513401112022_1_.pdf\&nome=15%20-%20Edital%20do%20art.%207%C2%BA,%20%C2%A72%C2%BA%20(segunda%20lista%20de%20credores)%20e%20do%20art.%2053%20da%20Lei%2011.101/2005%20(recebimento%20do%20plano)","DOMINALOG EXPRESS LOGISTICA INTEGRADA LTDA | 18247063000102 | ATIVA | Vector Indústria de Produtos Metalúrgicos Ltda. (Arke) |  | III - QUIROGRAFÁRIO | R$ 2,892.10 | TRUSTED_NAME_ALIGNED | 0.844 | PROVISIONAL_CLASS_III_CANDIDATE | Rio Grande do Sul (TJRS) | SP | BARUERI | Transporte rodoviário de ca"
SOLIDES TECNOLOGIA S/A,10461302000110,0008526-45.2025.8.17.2001,2857.35,10461302000110,https://diligence.adm.br/wp-content/uploads/2025/06/Edital-1a-Lista-de-Credores.pdf,"SOLIDES TECNOLOGIA S/A | 10461302000110 | ATIVA | ARRUDA & MELO REPRESENTACAO DE ALIMENTOS E BEBIDAS LTDA | 0008526-45.2025.8.17.2001 | III - QUIROGRAFÁRIO | R$ 2,857.35 | TRUSTED_NAME_ALIGNED | 0.714 | PROVISIONAL_CLASS_III_CANDIDATE | Pernambuco (TJPE) | MG | BELO HORIZONTE | Desenvolvimento e lic"
MOVIDA LOCACAO DE VEICULOS S.A.,07976147000160,,2807.36,07976147000160,"https://scalzilliaj.com.br/sgc/download.php?file=files/processo_documento/processo_documento15513401112022_1_.pdf\&nome=15%20-%20Edital%20do%20art.%207%C2%BA,%20%C2%A72%C2%BA%20(segunda%20lista%20de%20credores)%20e%20do%20art.%2053%20da%20Lei%2011.101/2005%20(recebimento%20do%20plano)","MOVIDA LOCACAO DE VEICULOS S.A. | 07976147000160 | ATIVA | Vector Indústria de Produtos Metalúrgicos Ltda. (Arke) |  | III - QUIROGRAFÁRIO | R$ 2,807.36 | TRUSTED_NAME_ALIGNED | 0.868 | PROVISIONAL_CLASS_III_CANDIDATE | Rio Grande do Sul (TJRS) | SP | SAO PAULO | Locação de automóveis sem condutor |"
TELEFONICA BRASIL S.A.,02558157001720,,2784.27,02558157001720,"https://scalzilliaj.com.br/sgc/download.php?file=files/processo_documento/processo_documento15513401112022_1_.pdf\&nome=15%20-%20Edital%20do%20art.%207%C2%BA,%20%C2%A72%C2%BA%20(segunda%20lista%20de%20credores)%20e%20do%20art.%2053%20da%20Lei%2011.101/2005%20(recebimento%20do%20plano)","TELEFONICA BRASIL S.A. | 02558157001720 | ATIVA | Vector Indústria de Produtos Metalúrgicos Ltda. (Arke) |  | III - QUIROGRAFÁRIO | R$ 2,784.27 | TRUSTED_NAME_ALIGNED | 0.75 | PROVISIONAL_CLASS_III_CANDIDATE | Rio Grande do Sul (TJRS) | RS | PORTO ALEGRE | Serviços de telefonia fixa comutada - STFC "
ARQUIVEI SERVICOS ON LINE LTDA,19427033000140,0008526-45.2025.8.17.2001,2671.65,19427033000140,https://diligence.adm.br/wp-content/uploads/2025/06/Edital-1a-Lista-de-Credores.pdf,"ARQUIVEI SERVICOS ON LINE LTDA | 19427033000140 | ATIVA | ARRUDA & MELO REPRESENTACAO DE ALIMENTOS E BEBIDAS LTDA | 0008526-45.2025.8.17.2001 | III - QUIROGRAFÁRIO | R$ 2,671.65 | TRUSTED_NAME_ALIGNED | 0.78 | PROVISIONAL_CLASS_III_CANDIDATE | Pernambuco (TJPE) | SP | SAO CARLOS | Desenvolvimento e "
ASIA SHIPPING TRANSPORTES INTERNACIONAIS LTDA,01137526000180,,2596.27,01137526000180,"https://scalzilliaj.com.br/sgc/download.php?file=files/processo_documento/processo_documento15513401112022_1_.pdf\&nome=15%20-%20Edital%20do%20art.%207%C2%BA,%20%C2%A72%C2%BA%20(segunda%20lista%20de%20credores)%20e%20do%20art.%2053%20da%20Lei%2011.101/2005%20(recebimento%20do%20plano)","ASIA SHIPPING TRANSPORTES INTERNACIONAIS LTDA | 01137526000180 | ATIVA | Vector Indústria de Produtos Metalúrgicos Ltda. (Arke) |  | III - QUIROGRAFÁRIO | R$ 2,596.27 | TRUSTED_NAME_ALIGNED | 0.769 | PROVISIONAL_CLASS_III_CANDIDATE | Rio Grande do Sul (TJRS) | SP | SANTOS | Atividades de agenciament"
ADAM DISTRIBUIDORA LTDA,03433636000115,,2576.15,03433636000115,https://administradorajudicialgs.com.br/wp-content/uploads/2023/08/edital-quadro-geral-de-credores.pdf,"ADAM DISTRIBUIDORA LTDA | 03433636000115 | ATIVA | Unknown Debtor |  | III - QUIROGRAFÁRIO | R$ 2,576.15 | TRUSTED_NAME_ALIGNED | 0.8 | PROVISIONAL_CLASS_III_CANDIDATE | Santa Catarina (TJSC) | SC | TIMBO | Comércio atacadista de roupas e acessórios para uso profissional e de segurança do trabalho |"
PETRYMAR TRANSPORTES LTDA,90605759000190,,2548.37,90605759000190,"https://scalzilliaj.com.br/sgc/download.php?file=files/processo_documento/processo_documento15513401112022_1_.pdf\&nome=15%20-%20Edital%20do%20art.%207%C2%BA,%20%C2%A72%C2%BA%20(segunda%20lista%20de%20credores)%20e%20do%20art.%2053%20da%20Lei%2011.101/2005%20(recebimento%20do%20plano)","PETRYMAR TRANSPORTES LTDA | 90605759000190 | ATIVA | Vector Indústria de Produtos Metalúrgicos Ltda. (Arke) |  | III - QUIROGRAFÁRIO | R$ 2,548.37 | TRUSTED_NAME_ALIGNED | 0.71 | PROVISIONAL_CLASS_III_CANDIDATE | Rio Grande do Sul (TJRS) | RS | CAXIAS DO SUL | Transporte rodoviário de carga, exceto "
COPIMAGEM GRAFICA DIGITAL LTDA,05898365000107,,2506.00,05898365000107,https://administradorajudicialgs.com.br/wp-content/uploads/2023/08/edital-quadro-geral-de-credores.pdf,"COPIMAGEM GRAFICA DIGITAL LTDA | 05898365000107 | ATIVA | Unknown Debtor |  | III - QUIROGRAFÁRIO | R$ 2,506.00 | TRUSTED_NAME_ALIGNED | 0.786 | PROVISIONAL_CLASS_III_CANDIDATE | Santa Catarina (TJSC) | SC | BLUMENAU | Serviços de acabamentos gráficos, exceto encadernação e plastificação | Sociedade"
ASSOCIACAO PROATIVA DO PARA - APPA,07611485000107,0820780-23.2026.8.14.0301,2479.03,07611485000107,https://cdn.dol.com.br/img/attachmentinline/940000/6publicacao-2-edital-art-7-parag-2-da-lei-11101-20009467060.pdf?xid=3272528,"ASSOCIACAO PROATIVA DO PARA - APPA | 07611485000107 | ATIVA | PAYSANDU SPORT CLUB | 0820780-23.2026.8.14.0301 | III - QUIROGRAFÁRIO | R$ 2,479.03 | TRUSTED_NAME_ALIGNED | 0.719 | PROVISIONAL_CLASS_III_CANDIDATE | Pará (TJPA) | PA | BELEM | Atividades de associações de defesa de direitos sociais | As"
JOCLAMAR LTDA.,75795625000196,,2300.45,75795625000196,https://administradorajudicialgs.com.br/wp-content/uploads/2023/08/edital-quadro-geral-de-credores.pdf,"JOCLAMAR LTDA. | 75795625000196 | ATIVA | Unknown Debtor |  | III - QUIROGRAFÁRIO | R$ 2,300.45 | TRUSTED_NAME_ALIGNED | 0.64 | PROVISIONAL_CLASS_III_CANDIDATE | Santa Catarina (TJSC) | SC | BLUMENAU | Comércio varejista de material elétrico | Sociedade Empresária Limitada | 4721026655 |  |  | https"
TAYU QUIMICA LTDA,97493407000130,,2065.99,97493407000130,https://administradorajudicialgs.com.br/wp-content/uploads/2023/08/edital-quadro-geral-de-credores.pdf,"TAYU QUIMICA LTDA | 97493407000130 | ATIVA | Unknown Debtor |  | III - QUIROGRAFÁRIO | R$ 2,065.99 | TRUSTED_NAME_ALIGNED | 0.774 | PROVISIONAL_CLASS_III_CANDIDATE | Santa Catarina (TJSC) | SC | INDAIAL | Comércio atacadista de produtos de higiene, limpeza e conservação domiciliar | Sociedade Empres"
CONNECT INFORMACOES E TECNOLOGIA SA,00850820000253,,2045.57,00850820000253,"https://scalzilliaj.com.br/sgc/download.php?file=files/processo_documento/processo_documento15513401112022_1_.pdf\&nome=15%20-%20Edital%20do%20art.%207%C2%BA,%20%C2%A72%C2%BA%20(segunda%20lista%20de%20credores)%20e%20do%20art.%2053%20da%20Lei%2011.101/2005%20(recebimento%20do%20plano)","CONNECT INFORMACOES E TECNOLOGIA SA | 00850820000253 | ATIVA | Vector Indústria de Produtos Metalúrgicos Ltda. (Arke) |  | III - QUIROGRAFÁRIO | R$ 2,045.57 | TRUSTED_NAME_ALIGNED | 0.857 | PROVISIONAL_CLASS_III_CANDIDATE | Rio Grande do Sul (TJRS) | DF | BRASILIA | Tratamento de dados, provedores d"
AMERICAN CHAMBER OF COMMERCE FOR BRAZIL SAO PAULO,62044151000107,0008526-45.2025.8.17.2001,1988.68,62044151000107,https://diligence.adm.br/wp-content/uploads/2025/06/Edital-1a-Lista-de-Credores.pdf,"AMERICAN CHAMBER OF COMMERCE FOR BRAZIL SAO PAULO | 62044151000107 | ATIVA | ARRUDA & MELO REPRESENTACAO DE ALIMENTOS E BEBIDAS LTDA | 0008526-45.2025.8.17.2001 | III - QUIROGRAFÁRIO | R$ 1,988.68 | TRUSTED_NAME_ALIGNED | 1 | PROVISIONAL_CLASS_III_CANDIDATE | Pernambuco (TJPE) | SP | SAO PAULO | Ati"
PERFIL INFORMATICA LTDA,83202192000146,,1900.00,83202192000146,https://administradorajudicialgs.com.br/wp-content/uploads/2023/08/edital-quadro-geral-de-credores.pdf,"PERFIL INFORMATICA LTDA | 83202192000146 | ATIVA | Unknown Debtor |  | III - QUIROGRAFÁRIO | R$ 1,900.00 | TRUSTED_NAME_ALIGNED | 0.837 | PROVISIONAL_CLASS_III_CANDIDATE | Santa Catarina (TJSC) | SC | BLUMENAU | Comércio varejista especializado de equipamentos e suprimentos de informática | Sociedad"
J.MARCANTE & CIA LTDA,91448977000202,,1816.68,91448977000202,"https://scalzilliaj.com.br/sgc/download.php?file=files/processo_documento/processo_documento15513401112022_1_.pdf\&nome=15%20-%20Edital%20do%20art.%207%C2%BA,%20%C2%A72%C2%BA%20(segunda%20lista%20de%20credores)%20e%20do%20art.%2053%20da%20Lei%2011.101/2005%20(recebimento%20do%20plano)","J.MARCANTE & CIA LTDA | 91448977000202 | ATIVA | Vector Indústria de Produtos Metalúrgicos Ltda. (Arke) |  | III - QUIROGRAFÁRIO | R$ 1,816.68 | TRUSTED_NAME_ALIGNED | 0.842 | PROVISIONAL_CLASS_III_CANDIDATE | Rio Grande do Sul (TJRS) | RS | CAXIAS DO SUL | Comércio varejista de ferragens e ferramen"
CJ METAIS E CONSTRUCOES LTDA - EM RECUPERACAO JUDICIAL,18282214000163,0800778-16.2023.8.20.5104,1636.33,18282214000163,http://recuperacaojudicial.squarespace.com/s/LISTA-DE-CREDORES-CONSOLIDADA-ATE-04102024.pdf,"CJ METAIS E CONSTRUCOES LTDA - EM RECUPERACAO JUDICIAL | 18282214000163 | ATIVA | IMPLASVERDE INDUSTRIA DE PLASTICOS BAIXAVERDE LTDA | 0800778-16.2023.8.20.5104 | III - QUIROGRAFÁRIO | R$ 1,636.33 | TRUSTED_NAME_ALIGNED | 0.595 | PROVISIONAL_CLASS_III_CANDIDATE | Rio Grande do Norte (TJRN) | RN | JO"
ESPANTALHO PNEUS LTDA,02314882000195,0652260-87.2018.8.04.0001,1510.92,02314882000195,https://ajbrajalveiga.com.br/processos/download/grupo-galo/4%20-%20Edital.pdf,"ESPANTALHO PNEUS LTDA | 02314882000195 | ATIVA | Galo da Serra Navegação Fluvial e Logística Ltda e outros | 0652260-87.2018.8.04.0001 | III - QUIROGRAFÁRIO | R$ 1,510.92 | TRUSTED_NAME_ALIGNED | 0.744 | PROVISIONAL_CLASS_III_CANDIDATE | Amazonas (TJAM) | AM | MANAUS | Comércio a varejo de peças e a"
SOL A SOL TRANSPORTES LTDA,08152463000342,,1454.87,08152463000342,https://administradorajudicialgs.com.br/wp-content/uploads/2023/08/edital-quadro-geral-de-credores.pdf,"SOL A SOL TRANSPORTES LTDA | 08152463000342 | ATIVA | Unknown Debtor |  | III - QUIROGRAFÁRIO | R$ 1,454.87 | TRUSTED_NAME_ALIGNED | 0.688 | PROVISIONAL_CLASS_III_CANDIDATE | Santa Catarina (TJSC) | SC | BLUMENAU | Transporte rodoviário de carga, exceto produtos perigosos e mudanças, intermunicipal,"
MAQUIPEL-COMERCIO DE MAQUINAS E PECAS LTDA,02106579000288,0652260-87.2018.8.04.0001,1315.00,02106579000288,https://ajbrajalveiga.com.br/processos/download/grupo-galo/4%20-%20Edital.pdf,"MAQUIPEL-COMERCIO DE MAQUINAS E PECAS LTDA | 02106579000288 | ATIVA | Galo da Serra Navegação Fluvial e Logística Ltda e outros | 0652260-87.2018.8.04.0001 | III - QUIROGRAFÁRIO | R$ 1,315.00 | TRUSTED_NAME_ALIGNED | 0.914 | PROVISIONAL_CLASS_III_CANDIDATE | Amazonas (TJAM) | AM | MANAUS | Comércio "
JAMEF TRANSPORTES LTDA,20147617005887,0008526-45.2025.8.17.2001,1300.03,20147617005887,https://diligence.adm.br/wp-content/uploads/2025/06/Edital-1a-Lista-de-Credores.pdf,"JAMEF TRANSPORTES LTDA | 20147617005887 | ATIVA | ARRUDA & MELO REPRESENTACAO DE ALIMENTOS E BEBIDAS LTDA | 0008526-45.2025.8.17.2001 | III - QUIROGRAFÁRIO | R$ 1,300.03 | TRUSTED_NAME_ALIGNED | 0.723 | PROVISIONAL_CLASS_III_CANDIDATE | Pernambuco (TJPE) | MA | SAO LUIS | Transporte rodoviário de ca"
FORMATO TRANSPORTES LTDA,13727240000215,8005129-09.2023.8.05.0039,1226.73,13727240000215,https://assistjud.com.br/wp-content/uploads/elementor/forms/65098c80a5824.pdf,"FORMATO TRANSPORTES LTDA | 13727240000215 | ATIVA | Conduscabos Brasil Indústria Comércio de Condutores Elétricos LTDA. | 8005129-09.2023.8.05.0039 | III - QUIROGRAFÁRIO | R$ 1,226.73 | TRUSTED_NAME_ALIGNED | 0.649 | PROVISIONAL_CLASS_III_CANDIDATE | Bahia (TJBA) | BA | SIMOES FILHO | Transporte rod"
MFREITAS ARQUITETURA E CONSULTORIA LTDA,12453103000196,0532018-89.2024.8.04.0001,1220.83,12453103000196,https://ajud-mm.s3.amazonaws.com/arquivos/9736_67100457ccb7a.pdf,"MFREITAS ARQUITETURA E CONSULTORIA LTDA | 12453103000196 | ATIVA | RD Engenharia Ltda e outros | 0532018-89.2024.8.04.0001 | III - QUIROGRAFÁRIO | R$ 1,220.83 | TRUSTED_NAME_ALIGNED | 0.63 | PROVISIONAL_CLASS_III_CANDIDATE | Amazonas (TJAM) | MG | BELO HORIZONTE | Serviços de arquitetura | Sociedade"
DISTRIBUIDORA DE ACOS E METAIS TUBOMETAL LTDA,74519018000130,,1119.56,74519018000130,https://administradorajudicialgs.com.br/wp-content/uploads/2023/08/edital-quadro-geral-de-credores.pdf,"DISTRIBUIDORA DE ACOS E METAIS TUBOMETAL LTDA | 74519018000130 | ATIVA | Unknown Debtor |  | III - QUIROGRAFÁRIO | R$ 1,119.56 | TRUSTED_NAME_ALIGNED | 0.899 | PROVISIONAL_CLASS_III_CANDIDATE | Santa Catarina (TJSC) | SP | SAO PAULO | Comércio atacadista de produtos siderúrgicos e metalúrgicos, exce"
FM IMPRESSOS PERSONALIZADOS LTDA.,13555994000154,8005129-09.2023.8.05.0039,1110.32,13555994000154,https://assistjud.com.br/wp-content/uploads/elementor/forms/65098c80a5824.pdf,"FM IMPRESSOS PERSONALIZADOS LTDA. | 13555994000154 | ATIVA | Conduscabos Brasil Indústria Comércio de Condutores Elétricos LTDA. | 8005129-09.2023.8.05.0039 | III - QUIROGRAFÁRIO | R$ 1,110.32 | TRUSTED_NAME_ALIGNED | 0.679 | PROVISIONAL_CLASS_III_CANDIDATE | Bahia (TJBA) | SP | BARUERI | Impressão "
BLUE TINTAS LTDA,01050029001112,8005129-09.2023.8.05.0039,1092.94,01050029001112,https://assistjud.com.br/wp-content/uploads/elementor/forms/65098c80a5824.pdf,"BLUE TINTAS LTDA | 01050029001112 | ATIVA | Conduscabos Brasil Indústria Comércio de Condutores Elétricos LTDA. | 8005129-09.2023.8.05.0039 | III - QUIROGRAFÁRIO | R$ 1,092.94 | TRUSTED_NAME_ALIGNED | 0.595 | PROVISIONAL_CLASS_III_CANDIDATE | Bahia (TJBA) | BA | LAURO DE FREITAS | Comércio varejista"
TRANSPOTECH PECAS E SERVICOS LTDA,01964690000161,,1075.75,01964690000161,https://administradorajudicialgs.com.br/wp-content/uploads/2023/08/edital-quadro-geral-de-credores.pdf,"TRANSPOTECH PECAS E SERVICOS LTDA | 01964690000161 | ATIVA | Unknown Debtor |  | III - QUIROGRAFÁRIO | R$ 1,075.75 | TRUSTED_NAME_ALIGNED | 0.862 | PROVISIONAL_CLASS_III_CANDIDATE | Santa Catarina (TJSC) | SC | BLUMENAU | Manutenção e reparação de máquinas, equipamentos e aparelhos para transporte e"
STANDARD COMERCIO E SERVICOS ELETRICOS LTDA,82636820000139,,1002.75,82636820000139,https://administradorajudicialgs.com.br/wp-content/uploads/2023/08/edital-quadro-geral-de-credores.pdf,"STANDARD COMERCIO E SERVICOS ELETRICOS LTDA | 82636820000139 | ATIVA | Unknown Debtor |  | III - QUIROGRAFÁRIO | R$ 1,002.75 | TRUSTED_NAME_ALIGNED | 0.763 | PROVISIONAL_CLASS_III_CANDIDATE | Santa Catarina (TJSC) | SC | BLUMENAU | Comércio varejista de outros produtos não especificados anteriorment"
ASA BRANCA REPRESENTACOES LTDA,63461982000139,,927.04,63461982000139,"https://scalzilliaj.com.br/sgc/download.php?file=files/processo_documento/processo_documento15513401112022_1_.pdf\&nome=15%20-%20Edital%20do%20art.%207%C2%BA,%20%C2%A72%C2%BA%20(segunda%20lista%20de%20credores)%20e%20do%20art.%2053%20da%20Lei%2011.101/2005%20(recebimento%20do%20plano)",ASA BRANCA REPRESENTACOES LTDA | 63461982000139 | ATIVA | Vector Indústria de Produtos Metalúrgicos Ltda. (Arke) |  | III - QUIROGRAFÁRIO | R$ 927.04 | TRUSTED_NAME_ALIGNED | 0.718 | PROVISIONAL_CLASS_III_CANDIDATE | Rio Grande do Sul (TJRS) | CE | EUSEBIO | Representantes comerciais e agentes do co
Acre (TJAC),08258183000151,0701986-79.2026.8.01.0002,,Livia S. Cordeiro LTDA \,https://preservacred.com.br/dados/empresas/08258183000151-livia-s-cordeiro,Acre (TJAC) | Livia S. Cordeiro LTDA \ | 2ª Vara Cível de Rio Branco/AC \ | 0701986-79.2026.8.01.0002 \ | 12/06/2026 \ | PreservaCred | https://preservacred.com.br/dados/empresas/08258183000151-livia-s-cordeiro | TRUE | FALSE
